text,mood
"i want a sense of progression and accomplishment in overwatch, something golden guns and skins dont give me anymore :)",happy
maybe you were depressed because your place was a mess.,confused
i keep forgetting she won! just goes bob alaska aquaria for me until i’m reminded!,stressed
"this comment is basically 10 words of “i didn’t read the article!! but boom, i’m edgy af”",anxious
i'm ashamed that while trying to figure out what tke stands for all i can come up with is tau kappa epsilon.,stressed
"so was mine, until i got into a spot of bother in the saloon at van horn 😂😂",stressed
"harder than you think? not to be super morbid but uh - if someone wants to truly die, it won’t be a failed attempt.",lonely
"i was too legit. too legit to quit. now i’m not legit. i’m un-legit. and therefore, i must quit.",neutral
she's actually not dead at all. even now shes still a good hero.,lonely
">found out that **my** [name] oh, i get it. you've caught the scent of a lesser stag in your nostrils. pity!",lonely
just got a bit worried because it's always showed up instantly for me before,anxious
>pack of sick what does that mean?,neutral
"want* a source on that, sorry.",tired
sometimes i get jealous of [name].,lonely
must be a terrible swim team. the only thing that your neck beard does is accentuates your double chin.,anxious
"eternal rest grant unto him, o lord, and let perpetual light shine upon him. may he rest in peace. amen",lonely
reality is often disappointing,sad
omg this is too good.,confused
"[name] is amped, i'm excited that he's excited",anxious
"only when i started to suspect i was shadow banned, so like a couple days ago. apart from that no.",anxious
"this guy /u/eightroundsrapid is sending me nude dm's even though he knows i'm underage, what do i do?",anxious
fair enough! that's useful and relevant (if anecdotal) evidence. i whish there where good studies on all of this. :-/,overwhelmed
i'm hoping he's just gonna psyche people out like [name] did with [name].,confused
about as serious as my plans to marry a porn star and retire to the bahamas.,overwhelmed
i'm not going to look at your evidence. there's never been a shred of evidence!,neutral
my soul has long been destroyed :( it’s over for us nosoulcels,angry
she must have a very boring life,sad
shaved definitely makes things more swampy for me. i need the hair to soak up the swamp,overwhelmed
yes absolutely extreme levels of anxiety reaching the sheer terror phase tbh. people have no idea what i go through,sad
they'd never give her a crown but it would be so good to see her back on my screen.,overwhelmed
"she can take her boring, drunk husband with her. he's not interesting at all.",angry
yes. then then dead teammate has to spectate for 20min. this is no where near as bad on pc as console.,neutral
i didn't realize it was that common of a thing for guys to do xd,neutral
just reload auto save and you should be golden,neutral
that way you’ll get both food and laxative all in one. sounds like a fair trade to me.,neutral
i really wish this wonderful person would run for president! <3,overwhelmed
never seen somebody project so hard in my life also [name] @ them directly quoting lines from the article in the comments gives me r/iamverysmart vibes,anxious
"i want this back ""i want us back"" i missed the part where that's my problem",sad
"typical left, calling people [name] just so they can hate them",tired
i wish they let him do the quatrains once a week during the nfl season.,overwhelmed
boy i hope someone got fired for that blunder. (honestly i thought of messing up this quote just to screw with you too),happy
"wait.....what? you do know that's not how it works, right?",angry
this was probably one of the best videos i’ve ever seen on reddit. what an amazing story. job well done. rip chief.,lonely
that last sentence pains me,sad
"this is exactly what i knew would happen with that photo. ugh, this shit needs to end.",anxious
yeah. the defence is “they pursued her” so yeah it’s their fault.,tired
bruh. same i’m sitting here wide awake barely breathing outta one nostril.trying to blow my nose every ten seconds and i thins happening,stressed
does not compute with management algorithm,angry
haven’t watched the new episode yet but the art definitely reminds me of [name] ms paint art.,confused
but she can shoot someone in the back of the head and be held responsible for it.,neutral
oh! i didn't realize they were also vegan.,stressed
yeah no...i would find it very demeaning,angry
this is great advice. the minions here will automatically down vote due to username.,happy
i know many progressives who don’t apply to that community. my father wants progressive economic reform in the u.s but thinks feminism is cancer,overwhelmed
me. i really needed to see this. ☹️,sad
took me way too long.,tired
i applaud both of you for taking whatever action you can to make this succeed. sorry i couldn’t offer any advice. good luck.,tired
stop arguing with people.,angry
i'm really sorry for your loss friend. i hope everything is okay on your end too.,tired
the sex must be great.,overwhelmed
"it makes for awkward conversation when i ask ""what's your favorite song?"" and i get ""i just liked the shirt"" in response",stressed
gotta love some detroit sports,overwhelmed
looking forward to your selfie saturday then,overwhelmed
oh the horror. i hope she's alright.,anxious
"i have this too, so don't worry. we are not crazy. just regular humans who happen to have an anxiety issue.",anxious
every time i see this it makes me so happy.,happy
"not taking any shit, not being afraid to stick up for themselves or say what they’re thinking. stomping on eggshells.",anxious
try to keep yourself busy with other things to forget the thoughts.,confused
the article didn’t use it. op just did a bad copy paste i think.,angry
"i don't think you can afford a lawyer. if fact, i would not be surprised to learn you don't actually have anything on qcx.",angry
i’d rather have 50$ every time i see a variation of this prompt lol,overwhelmed
well at least we got to see detroit miss an open goal...,happy
i want someone to take me to the hospital,anxious
this is my dream deal as well please basketball gods make it happen,overwhelmed
break ups are painful and there’s no way to avoid that. be honest with your current girl and end it.,sad
same. i was not rooting for the pats. i was rooting against the chiefs. the afc west is ours and ours alone :),overwhelmed
"bruh this the magic, we shouldn't have to have a big comeback",neutral
it happens so much that it really scares me tbh.,anxious
"it means that [name] campaign colluded, contrary to them saying otherwise. sorry if you voted to advance russian interests.",tired
...and life can be very good when you free yourself from that fear!,anxious
"/s, you forgot this.",neutral
i really want pizza right now,overwhelmed
"find a better partner. it's past time to move on! he sounds very lazy, selfish, and he doesn't care about your needs.",lonely
my kids graduated college two years ago. guess i missed it?,sad
your name is amazing,happy
i hate how much i love it,happy
wha? i’m so confused. i’m so sorry this happened because it wasn’t remotely warranted.,tired
it's a damn shame.,stressed
"super curious, commenting to check in.",confused
it's weird how all of these people who are *so* much smarter than successful people can never seem to make anything of themselves,anxious
"sorry, i don't get it. eli5 please.",sad
"sorry guys, i went a little far... you can read my apology post here.",tired
non-stop fun.,happy
"does that violate the nap or not, hmm🤔",confused
im curious what shirt [name] is getting for the dance dance stream after all that sub train.,neutral
good. they can afford it.,happy
i focus on the pain,lonely
this sub needs more poison memes.,overwhelmed
i did misread i saw 23-27,stressed
not necessarily. his parents divorced when he was one year old.,lonely
i'm sad that i gave that shit article a page view.,sad
not giving a s* about what others say ;),happy
meanwhile monokuma: everything is free if you just become the blackened and get away with it,overwhelmed
how did you try it if it's not live yet? there was no early access to it,sad
think the maid was colombian,neutral
i love florida,happy
i feel genuine sorrow for your family having to be associated with a cretin such as yourself,stressed
[name] edit: but certainly lp deflated there,sad
"not an effective solution. shooter always has first move, taking out an unsuspecting teacher would give a shooter access to better arms.",angry
opponents will try to figure out how to stop our running game...but they'll be stumped.,confused
take my up vote...you owe me a punchline you bastard.,angry
60% im super ded,happy
">some ~~drugs~~ people are just... scary... some drugs tend to bring out what's bubbling under the surface, so in that way, yeah.",anxious
i can’t imagine having a plan b when it comes to dating. that just seems disrespectful to not devote yourself to the person your dating.,confused
for those behind stupid wapo,angry
topic change #4. this is getting sad.,sad
ouch. hurts because it's true.,sad
youve never played against a good support [name] then,lonely
i wonder if it's about a t t e n t i o n s e e k i n g . . .,neutral
"i know to you professor, break time is nothing. but to me, it's serious.",anxious
"sorry, but [name] doesn’t even compare to [name].",tired
"well she mostly horrible when she was drunk, so drinking less for her would be a huge improvement.",anxious
"yeah, series of holes like that make me uncomfortable and this picture has popped up in my head too many times since i first saw it.",tired
[name] i wish that was me.,overwhelmed
my thoughts exactly [name] looks dead.,lonely
yall remember that rainbow zebra striped gum that lost its flavor in like 0.0001 seconds,sad
i rolled my eyes so hard i think i just saw my brain,confused
it's almost like op is the real cb trying to make fun of people to get them mad and then screenshot it for karma,neutral
"idk why ur being downvoted, i thought that's funny",lonely
wow i didn't know it changed your face so it doesn't break rule 1 and 2? /s,confused
you're right! color me wrong! i sincerely apologize. smack my darn head!,tired
"yikes, maybe [name] can pull some [name] magic with him",happy
"oh, i felt that despondency at the end there. poor guy.",anxious
"like, there is an insufficient causal relationship for it to be an expectation to work with assholes.",angry
ugh i wish!!! you’re not in the us?,overwhelmed
oh he did t quit when he just disappeared?,stressed
man being unattractive in appearance has pretty much taken any joy out of my life,sad
wasn’t there a video of the exact same dude kicking down a fucking tree????,angry
i use one every time i park and you just replied to me. so this is a bit awkward.,stressed
i think its hilarious that you can't seem to understand the joke of the headline.,happy
lmao this article is almost a year old. yawn.,happy
i sense no awful taste here.,angry
"i think they mean the banker is being unethical, but i'm not 100% sure",confused
i didn’t think i was implying that you weren’t.,stressed
i’m incredibly jealous of you and yours. congratulations. maybe someday i’ll have someone.. but i dream.,happy
yet we keep supporting this race to the bottom to the worst tolerable option...,confused
"that is really valuable thank you. supplying stats definitely will help my writing, so thank you for the feedback",happy
don't forget colors. they panic at the sight of a chess board.,anxious
don’t forget to re-equip them for every specialist every time you prestige too! oh and the emotes too if you like donating kills!,lonely
expect the unexpected [name] funding secured.,overwhelmed
"thats dope. but looks dumb when you write it. should be, forum 41. or, 41st forum or something like that.",lonely
care to elaborate?,confused
i felt the same guilt when i stopped believing in [name],tired
"we try too, but more often than not those who wish to discuss are not on the level, rare is a lib here in good faith.",overwhelmed
"for futures sake, if someone is in the midwest, where would we opt to play?",neutral
"of course not, [name] and [name] were great friends and anyway, he's been dead since 2016.",lonely
i suppose inducing vomiting is a sort of detox...,neutral
i was just joking...,happy
[name] it'd be funny if it weren't so pathetic.,sad
"when will this copypasta die, it must be going strong for 10 years",lonely
"if i may suggest patience, if your data is still there, you might want to read a little before open heart surgery.",confused
"that is embarrassing, but at least they know you're not lying about the cause!",stressed
i was the vegan in this story. i have since stopped my foolish ways and have since become a nuclear alpha mega chad.,tired
dont be needy. talk to other girls.,angry
goat flap. thank you! i am in the middle of hormones right now.,happy
"i repent. i repent. oh [name] [name], i do repent.",tired
"i know, right? i mean i liked le tigre, but this is just damn embarassing.",stressed
all i'll say is when i can smell it walking down the street it makes me very jealous.,sad
her attempts to be “edgy” fall flat are incredibly cringeworthy.,stressed
this is a relatable summer bop! it gives me some eurovision vibes. in this house we stan [name].,stressed
its never a postive number either so its not optimistic,neutral
of course he will lie cheat and steal to make him self relevant to the public. horrible person.,anxious
[name] is really going to have to work his ass off to make this team.,overwhelmed
it’s bad law. i wouldn’t be surprised either.,angry
"well, my answer tried to be funny and witty. but apparently it struck some insecurities in some guys.",anxious
"always wanted to try [name], i'll add her to my list.",happy
"oh, that's horrible. my condolences.",lonely
"i have never visited the nola, but i hear it has great blockparty and festival cultures (mardis gras being the main one)",happy
"[name] [name], you made me think i was going colorblind for a second! how are there more colors in your rainbow than in mine?",angry
"don't debate is probably the worst advice one can give. it's like saying: ""obey blindly. don't question us.""",angry
"ah. i thought you meant ads in general. sorry, bud!",tired
praying!!,overwhelmed
"even today, many years later that still gives me chills. rip.",confused
i wouldn’t recommend expensive brands in this subreddit. people get irrationally angry and condescending.,angry
"jazz fan here. i completely feel. [name] cousins has more votes than [name], and [name] hasn't even stepped on the court this year",happy
they killed [name] for being a [name] right after this. [name] was a notorious anti-semite.,lonely
just life.. i feel like i'm just a parasite that should be removed.,stressed
id be pretty weary if a girl wouldn't talk about previous relationships.,happy
oh good lord what did i create,stressed
i wanted dallas to win today so they could lose next week. i don’t want la anywhere near the super bowl.,overwhelmed
can we forget that this moment happened,stressed
i was so hopeful...,overwhelmed
pure asshole.,angry
same. i felt like i haven’t found the “right” therapist. hang in there and hug your little one tight!,sad
oh good lord what did i create,tired
i got a free razor for being a student so i'm a net loss on their company :d,sad
he died 4 days later of dehydration,lonely
gf is false; i saw mayor get transported and i was stabbed by an sk,lonely
oh i love me some winter depression,happy
they can’t allow it because then the left would fall apart. the only way you can truly be a leftist is if you believe in lies.,neutral
9 to 4. that's pretty sorry.,tired
i really don’t think [name] will leave him. regardless of if he’s cheating or not.,happy
"help, i'm scared and want to go back.",anxious
imagine your daughter running away from home. i think that's a pretty terrifying idea without some murderer or mystic horror,lonely
"looks unreal, like it's a toy or something.",confused
that’s a lazy argument. racism can be defeated with good education and proper parenting but most people are too lazy to fight for it.,happy
context doesn’t exactly make state murder of the “stupid poor” better.,lonely
also 24 years old. i'm that old and it's odd.,neutral
and then the rest of that thread devolves into [name] supporters arguing against and downvoting anyone who disagrees with the wall or hates [name].,angry
no tv party for you 👎,sad
"she’s just not that into you, that’s what i think. you need to find an hl girlfriend and go have fun.",neutral
lol i don’t think it’ll change anything.,happy
i would say that [name] is also acting a bit stubborn as he has pretty much shut down the government to get funding for the border wall.,angry
nah no one can help me,stressed
"oh, sorry",tired
"i'd say ""[name] retire binch"", but i'm a little late for that.",lonely
so glad she died,lonely
i miss you big strong daddy,sad
😥 i feel so sorry. he'd be proud of you. *hugs*,tired
honestly i have no clue. just got my feelings hurt by the mean things he was saying to nurk and wanted to cyberbully him in response,sad
[name] will need to pray to the [name] dad doesn’t come down on him with great vengeance.,overwhelmed
"i understand that there are exceptions but saying a knife is as dangerous as, or more dangerous than a gun is a little ridiculous.",confused
wish i had the confidence of [name],overwhelmed
removed the bit calling you a right winger. sorry.,tired
"""and then i apologized and expressed remorse over the situation""",tired
"ive read his and [name] further response and feel curious on the gofundme creator's authenticity butnthats just me, yay for positivity",overwhelmed
"ah. yea, the classic loner looking for compliments. seems pretty edgy",confused
does anyone know what the bbc actually said? that article doesn't have the e-mail in which they admitted it.,neutral
"oh weird, the money i make is taxed when i earn it and then it gets taxed when i spend it",neutral
i wanted to know if there’s was another like meaning to the whole selfie thing not if she liked me or not,overwhelmed
what a catastrophe.,lonely
i miss [name] wish we could trade back for him!,lonely
where did i state i wanted to keep syria going? is making things up just a usual part of your arguements?,angry
may you find and skin the perpetrator. my apologies to your family. ❤,tired
leafs would have won this game if it wasn’t for that bullshit overturn.,confused
cut this out .. allen or bust,neutral
increase in robberies on pot shops. i really hope not though.,sad
it was when oil prices were higher. it’s primary export is petrol and the market slumping is hurting,neutral
"sure, but no reason to assume that person has only ever heard ""polyam"" and not ""poly"" and would use one over the other.",neutral
i can't imagine getting it at 8! i got mine at 11 and freaked out because no one told me they existed lol.,happy
"oh dear, the combination of drugs, alcohol and a cell phone has caused many regrets.",tired
limiting the crypto withdrawl increases the panic,anxious
"*""no one can make you feel inferior without your consent.""* -- [name]",neutral
i love those examples. thank you for sharing. 🙏,happy
i kinda thought that's what you had meant. i'm a simple man.,confused
"i am afraid to look, but my morbid curiosity draws me to ask.",anxious
...soooooo yes?,confused
"man that dude seems to be having a blast at the character select screen. i'm so hyped, where do i sign up?",angry
i actually currently have a girlfriend and i love her. it's just that those past situations gave me trust issues for life i guess.,happy
i'm sorry. does scholomance exist in the world of ice and fire?,tired
i had dream where someone said this to me having no idea it was him,neutral
is this a joke..?,confused
ah ok i thought by terrific you mean terrific at reducing speeding since (i think) that is the policy objective. cheers!,confused
sorry but i don't keep up with yt celebs or drama what happened to [name] ?,tired
would of been slightly awkward for someone to walk into my building haha,stressed
"no she never told me her name, and i unfortunately never asked for that or her number.",tired
i don't know why but every time i see a meme telling me how good i am it doesn't do anything and doesn't make me happy,sad
"true, but it all started under [name] and will get even worse if labour manages to get into government.",angry
all the [name] who’ve been harassed or assaulted for “looking [name]” will be glad to hear that.,happy
i’m so sorry. hang in there it’ll get easier.,tired
"my bad, sorry. i kicked a pebble on top of that mountain.",tired
just speculation at this point but it's not looking good,sad
today is just one of those all day long snack days. i will devour anything that is put in front of me,neutral
hahaha years of being a nets fan makes me only look for reasons we wont win.,overwhelmed
i would do that all day until she learned not to put her dirty feet on the dash!!,angry
electrical malfunction... suddenly exposed.,confused
and then what would the bulls do if he says he won't be the head coach anymore? put an assistant in there?,anxious
healthier and more disgusting.,angry
"with the mets, i expect the worst 24/7/365.",neutral
i wonder if the formal letter from the psychiatrist will help if cops just decide to shoot her first :(,anxious
the worst is starting out in a new relationship after leaving a failing one. you want to fall but you know how much the breakups hurt,angry
"""there's always a bigger fuckup.""",angry
"you're welcome, i think.",happy
my dog died on new year’s day and i wish i could have give her one more treat. she just seized up and died :(,lonely
"hey, can you post a pic (or many) of the chow/corgi mix? i really need to see it. thanks. actually, the kittens too.",happy
if android: youtube vanced is your new best friend. if ios: sorry lol get a real phone,tired
oh my [name] coco i’m so sorry sweety,tired
that can get me wet almost instantly. it’s ticklish but turns me on so much. it’s a really sensitive area i think.,stressed
tell me a couple,neutral
"yep, just pc this time, sorry",tired
sounds like you have a great doctor. most are scared to give you any sort of advice like that.,anxious
"hello there fellow bolts fan, ride the lightning ⚡️",neutral
"well, that's kind of a silly metaphor considering how wildly different our political positions are.",overwhelmed
i'm sorry for that.,tired
80% of the country is putting their faith in a man who doesn’t even have personal awareness of where he is.,sad
id rather do the highlights again just not a full match.,overwhelmed
hope his bare hands are as clean as the griddles. ready to eat foods need to be handled with gloves . very cool machine though .,happy
i totally have second-hand embarrassment for my parents. it's equally bad when they misspell something in their email address (i.e: posion instead of poison) 🙄,stressed
"there has to be some repercussions for this judge, right? considering the crimes, that bail seems incredibly low...",angry
"ok, im sorry",happy
it's a damn shame.,stressed
i feel the same way. i wasn't depressed when we lost.,neutral
can you imagine the amount of backlash she’d get if it was another [name] collab? omg.,anxious
> it’d make porn ~~awkward~~ awesome ftfy,stressed
and so are you!,confused
he needs to go back to [name] school,overwhelmed
it's embarrassing!,stressed
i'm still insisting he is not her dad...,angry
i'm scared because we don't really have any isolation scorers right now.,anxious
this has to be bait.,overwhelmed
man i thought [name] was going to be the real deal. i wanted [name] gone so bad around that time.,overwhelmed
orisa will actually fair better than most if the orisa has good fortify usage. mainly decreases effectiveness for dva and rein.,happy
is anyone familiar with what the post was about? im guessing it was on the nyc hate crime?,confused
not a different issue especially when the majority of the people affected by these deaths are lower income,lonely
people are just so used to these laws never being enforced in any meaningful way in other countries.,happy
i'm just glad i've never heard of this game before otherwise this news would be disappointing.,sad
look i don’t mean to be rude but w,happy
"it was great, and it still is.",happy
yeah [name] is actually really cute and nice but best boi and best girl goes to [name] and [name]. just kidding. [name] all the way,happy
oh you mean 490 € from your fellow citizens who work so they can pay taxes that fall into your pocket?,confused
fuck if i only could have those a single family home prices back :( maybe i wouldn’t be living in my rv,lonely
i'm not going to look at your evidence. there's never been a shred of evidence!,confused
not sure if this has been asked but is autism a result of not having a filter? apologies if i offend.,angry
that was such awful bandaid application. like what the fuck.,angry
"when it gushed out i caught myself saying ""ooof"" out loud",neutral
"it would probably be horrifying if we tried, when a bug causes an integer overflow and resets our aggression levels.",anxious
my only regret will be posting this on my alt account.,tired
"the anniversary march was held in derry sunday past , not one mention on bbc itv not a thing. 14 people murdered in cold blood. nothing.",lonely
to say they did. and begrudging a gift makes us look bad. heaven forbid it's half garbage or thoughtless. *sigh*,stressed
i’m in florence right now on a holiday and my [name] does it make me want to replay that game,overwhelmed
uh huh hyuck!,angry
i'm assuming she knew that they knew were trying to steal but [name],neutral
my grandmother-in-law does this. i’m sorry to anyone in the va beach area.,tired
"that, plus they also store our info insecurely so it leaks out. just another part of this dumb economics game i guess...",angry
sorry just seemed like you were trying to make it a [name] thing,lonely
may is like a bad smell you can’t get rid of,sad
i would guess from multiple communities if they are trying to win the war against the other group,overwhelmed
"sorry, i actually lied, they thought it was",tired
can we get a moment of silence for the passing of the video game boy?,lonely
"i love big brother, they make an appointment and come pick up used household goods and clothes. easiest way to donate.",happy
it's one of my most hoped-for things. i think you should be able to approach a player and request a duel. it would be sick,angry
"damn, this one sucks doubly so considering all the positive threads on here today.",neutral
"humm, just a few days after i unsubbed. you aren't luring me back again though r/murderedbywords !",sad
[name] here!,neutral
"i'm not crying, you're crying",lonely
when i was younger i would forget to pull it back to pee sometimes. that was a mess and led to some embarrassing moments.,stressed
"i don’t watch the colts, but out of interest do they insist on making [name] block consistently like we did.",confused
read his post again. 'it's more fact based than fox.' i'm sorry but you might have some extra chromosomes.,tired
"imo, cheaters are only sorry they got caught, not because they betrayed their spouses and had an affair.",tired
the thing i keep thinking is that there must be some pretty daming evidence against him to actually charge him.,confused
"you’re right, my bad",lonely
my hair never scrunched and i was so jealous,stressed
"cute, new driver still cares. come back in 4 months and u will be showing pictures of that bag thrown on the trunk.",angry
"big man going round the world asking for protection money. and all that time the pentagon cringes, as they would lose a key base around china.",neutral
all the more reason to wish that [name] can continue with daredevil after what netflix did.,overwhelmed
user name says you are a scumbag [name]. i’m confused,confused
"in the 50s my aunt was 6 weeks old when a flu virus caused inflammation of the heart and she died. so there's that, too.",anxious
"wasn't implying that, just weird that a south african brand is so popular overseas all things considered.",stressed
"imagine being so indoctrinated, that you believe that any place that doesn't actually talk shit about [name] constantly is a right wing circle jerk.",neutral
"great! whats on your mind? be open about it,",confused
just be honest with this person. sorry i didn’t read the whole thing i don’t have time rn :(,tired
did that with an oven pizza at 3am in my underwear. got burns all over my stomach,sad
don't send that message,angry
"i meant we as in the group, sorry if that was unclear",tired
"happy cake, why you have to miss it though?",confused
the amount of islamophobic media bias is disturbing.,sad
"not cameo, reference sorry",tired
who was it i missed it,sad
">sentence more severe. debatable, i'd rather be dead than have everyone think i relentlessly molested kids.",stressed
i've wanted this for so long.,overwhelmed
"same boat, sank pretty hard at the worst time.",tired
i apologised an very long time ago as i was wrong at this point you are beating a dead horse,tired
her attempts to be “edgy” fall flat are incredibly cringeworthy.,stressed
society has once again falsely made men look cold and emotionless. you're normal.,angry
i'm not looking for pity or sorrow. thanks for your input.,lonely
"[name] cheats on you after a few months. your me1 love interest waited for you for two years, and they thought you were dead.",happy
i read this while taking a sip of tea. bad idea,angry
yikes that's cringe,anxious
"great concept but, there is going to be a danganrompa 4",happy
"oh, doi. makes total sense now. boy i really hope i get fired for this blunder.",overwhelmed
they keep teasing us with royal blue. it seems like it’s unofficially confirmed that they’re switching their color scheme back,stressed
just triggered me thanks,happy
i’m more sorry that there are actual [name] fans...,tired
"watched split. good but got a little spooked. unbreakable last night, glass tomorrow hopefully",anxious
my life has been destroyed,lonely
and i never had the idea to keep anything. too creepy. maybe our multiple liberator pillows....,stressed
ooh boy that guy went off the deep end and drowned,lonely
yes. then then dead teammate has to spectate for 20min. this is no where near as bad on pc as console.,lonely
"oh, i saw it. i was giving him the benefit of the doubt to see if he wound up saying the quiet part out loud.",stressed
"oh good grief! put it away, [name].",lonely
"tyvm for this advice actually, i was totally bamboozled on this topic",overwhelmed
"i misunderstood ""come back strong""",tired
"u damn clown, she prolly felt so embarrassed and you’re just like meh",stressed
"this movie, though simple but effective, shows how it is being jammed in your face is because it was just one police officer, chill.",lonely
are they dead? i don’t recall this bit of the nativity play.,confused
exactly why i’m saying we won’t land kd ... but knicks fans do know a lot about dreaming.,neutral
beet juice and strawberries on top to hide the ugly blob looking thing on top?,confused
i wanna try it also. i think i had it when i was a kid but it’s been so long,overwhelmed
it's embarrassing!,stressed
it just seems extremely insensitive to say that. that’s the real problem. it invalidates the other person’s suffering.,sad
no. people just realized how dogs make good companions and the dogs in the us aren’t infested with various diseases compared to the ones in developing countries,confused
now this is poke choking!,angry
"oh, i've thought about it... a lot, but i just couldnt do that. even though he really deserves it!",happy
i haven’t made a choice yet. i like them both. but why do people not like link?,confused
and you forgot buting and strang for their world tour squeezing every penny possible from [name] death.,lonely
so 7 years of playing the game (started playing at 15 and is 24 now). ridiculous.,confused
imagining doing something this drastic all alone is just... i can't fathom the anxiety. man.,confused
i guffawed! error! multikill! now i have to manxplain cryptocurrency again to my wife sitting next to me.,neutral
"wow the garbage one and the bank one are really terrible. i’ve had the coupon ones too, people are touchy about coupons haha.",happy
"can you believe that? i mean that, that is what i call posing. missed a that",confused
anyone want adopt a dog while we are at this discussion lol?,neutral
here too. i just find weird colorful stuff and hope it doesn't clash too bad.,neutral
disappointing click of the day,sad
not a different issue especially when the majority of the people affected by these deaths are lower income,stressed
could be something limited to my branch too.,confused
i prefer this,happy
"those are liberal comments, you fucking idiot. liberals are capitalists.",angry
if you have bo toleramce you could feel it for a day,sad
yeah. plus why he still living with his mom,confused
he had been so worried that the stepmom would have a hard time integrating into the family.,anxious
you must construct additional pylons,neutral
you'll miss a begging old man asking for a spare coin. rip,lonely
that last story was absolutely beautiful and sad.,sad
"ok, fair enough. from your original post, it wasn't really clear that you looked at sources other than youtube.",confused
these made up phonetic alphabets these cops use drive me nuts...,neutral
"well you know, helping out the less fortunate is basically a slippery slope to authoritarian commulism /s",lonely
i recommend reading it. what an odd duck/rabbit.,neutral
spent time with them. argue with them. laugh with them. cry with them. we all get lonely when we are old.,sad
what was their gdp then? you forgot that part.,confused
i know but for that one moment he was more than that guy who snuck in [name] room at night and wore his helmet,happy
get some deodorant and soray her every time shr sprays the cat,overwhelmed
hello. i’m sorry you’re going through that. why do you think it’s impossible to leave?,tired
seriously! such an odd way to ask a question about traveling.,angry
"my knees, i had to quit running because they got so bad. even hiking starts hurting after awhile, especially on long downhills also glasses and deep voices",sad
id like to see finland win it. but id like to see [name] and [name] carry their teams in every way possible to those losses.,overwhelmed
"oh, i would refuse to do anything really nasty, with profanity or violence.",angry
i think i met you. sorry if i was a bit standoffish.,tired
"ah thats my bad, she just finished the blog and im sharing it around, one sec and ill edit it.",tired
"i don't know what else to do. i have no transportation, personal phone, or money. and i live in a rural area.",sad
"uh, people kept asking me if i was jailor and i said no, and based on this chat you can also see that jailor is not smart.",stressed
"eesh, really sorry for your loss.",lonely
6 and he died of cancer iirc,lonely
yall remember that rainbow zebra striped gum that lost its flavor in like 0.0001 seconds,sad
"i forgot about the ""perks"" of a growing subreddit.",stressed
"forehead kisses, and any of the cute nicknames he calls me [name], best feeling being in his arms [name] i miss it all",sad
he must've done something real bad. i played with a guy who by all counts was an asshole but never received more than mutes.,stressed
"sorry but what map is adlersbrunn? edit: ah nevermind i see (after zooming in, it is the [name] map)",tired
i haven't done enough orders yet to get anything other than money for dashes.,tired
"doctor is spy! ~grunt, too late.",sad
"""oh, we just happen to have all this stuff over here, like a normal date.""",confused
ah. my misunderstanding. yeah get rid of those but that isn't what the removed post was.,tired
>ribs my condolences on your loss.,lonely
i work on a farm. i can confirm can be dangerous. i have a hard time imagining a scenario where being a cop is more dangerous.,sad
"i agree, thanks for the help and sorry for the late response.",tired
very true. apologies if it came off that way.,tired
and he’s been with same org with his former teammates before vegas. that and highly doubt [name] would drop a loyal player.,confused
[name] wants to murder all men. she believes all of them are deserving of death.,overwhelmed
i’m so sorry for your loss... if you ever want to queue pm me for my steam,tired
less than 75 years ago my grandparents had swastikas burned on their front lawn in south carolina after fleeing from germany.,lonely
"thats not even compareable, for one epic made none of these games except fortnite. please explain how third party exclusives within the same platform should exist.",confused
rip the guy from psych,lonely
"man, i kinda feel bad for dude, hopefully everything went smoothly past that",sad
i've seen shot caller. that's what i've decided prison is... so yeah. sorry boys.,tired
omg tdg has a new singer? that's so sad. i was rocking out to them in middle school too. simpler times.,tired
at least i'll have a normal lifespan,neutral
i thought he was a candidate as a [name] when [name] left. what happened to that.,lonely
then i’m sorry but this game really isn’t for you. progression like that would ruin the base of what this game is.,angry
"yeah, and [name] is not the guy he initially accused of murder. i'm not sure what the confusion is here",confused
honest mistake but i deserve and will accept the shame xxxx,stressed
"and i answered, sorry if you can't follow. i agree that having a pet involves (unnecessarily) having power over a small animal.",tired
sorry should clarify ... have dinner / drinks and then go our separate ways to other events that night.,tired
i loved this place but i would only go for the big blockbusters. it was the best imax theater in minnesota hands down rip,lonely
well that’s not what was said he said drugs that kill you sooner than your meant to die.. nicotine fits that description,lonely
haha good to know in case i decide to go back to church. some of those seats in that temple are so damn uncomfortable.,sad
i'm scared because we don't really have any isolation scorers right now.,anxious
i’m sorry that happened to you but it’s i can imagine i know if it was me i would forever feel guilt.,tired
"texas, i'm really just mad at myself for not double checking. but now i have a year to find something better",tired
"i was honestly shocked when they denied an overpayment, especially since after the charges cleared it would have been a $0 balance.",stressed
"or take feto, most of those purged probably never did a single wrong thing in their life what?",confused
"the paradox is not working, then also collecting entitlements is still theft.",angry
wow. racists are really coming out of the woodwork to excuse and defend racism. how sad.,sad
i am so sorry to hear about your wife’s tragic injury.,lonely
"you can get into big, fuck up your life forever trouble.",neutral
"oops, my bad.",sad
it happened and i'm very happy,happy
that was a horrible fix,anxious
and they wonder why they don't seem trustworthy. maybe someone should tweet about it and they'd notice.,confused
"??? technically the peso is always in devaluation, also it's not worst right now than before.",tired
i had so many bad supercuts haircuts that i cringe when i look at the place and go to a fancy schmancy salon exclusively.,stressed
"i am generally a happy person. if you like to pay millions of dollars to semi-literates to represent your government, it's up to you!",happy
aaaaand now i'm concerned. clearly there's a story behind this.,anxious
"if my mom were still alive, she'd be so pissed at [name] being in this cast.",lonely
"plz add ye and ksg. thanks, ye",happy
"it’s been 2 hours, op died for a noble cause.",lonely
that man deserves a good whiskey. hook him up.,overwhelmed
i thought about it before. but i'm afraid i might get in trouble.,anxious
is freedom of expression a right or a law?,confused
i would be surprised if she's doesn't have at least 1 kid,confused
"college is a very lonely place. very stressful, very lonely. [name]. good luck out there man.",sad
"i'm scared to even ask my mom ,i might get yelled at 😟",anxious
it's got gray icing. i can't even begin to think how you'd make gray icing,overwhelmed
"sorry you are still being messaged by ugly guys, that must be really tough, you are brave for still using the site sweatie",tired
ww2 has the best supply drops ever,happy
might get in trouble with the mother for assuming she's single though. this has happened to me when using miss.,confused
"no, he’s been with more women than i have been with men. he loves sex and has no problems with an erection.",angry
"""hey look at this reciept! oops i totally didn't mean to show off my great body."" i see what you did there ;)",stressed
"shit, i guess i accidentally bought a pay-per-view boxing match",stressed
if you were charged it is most likely due to poor articulacy/communication skills,neutral
look i'm not saying i don't understand your sentiment but we really ought to save this one for people openly advocating for genocide.,happy
maybe you just don't like women that much...,angry
i’m broke as shit and already do that.,tired
"your imaginary boyfriend is kinda creepy. although, if he's kinky then he may be for keeps. *wink",anxious
yeah i wish they hadn't opened the entire game with the ol' [name].,overwhelmed
i wonder how [name] prepares his food.,confused
"honestly don't know why they are still working so hard on this trade, really need another starter.",overwhelmed
thank you! very cool!! 😎,happy
yep that’s the problem i have. can’t make friends,stressed
"what the actual fuck, does seeing something terrible prevent you from enjoying the entire rest of your life?",confused
"sorry to hear that, i hope you're doing better now.",tired
and the sad part is this goes on for decades and decades grrrrrrr,sad
really odd choose with pairing slack and sunfan together. these 2 should always be paired with a high iq caster,sad
this is exactly why i fantasize about carrying a glass emergency hammer. this is also exactly why i shouldn’t!,angry
there's a difference between rights and law. stop conflating the two.,angry
"i'm sorry you had a bad experience, that's horrible. but that number saved one of my friends lives. different for everyone",anxious
maybe it meant sorry just wondering,tired
this is so unsettling.,anxious
so did my fat closet racist uncle in nevada.,neutral
i want commit die,lonely
"honestly, this has got to be the most reckless way to bully and harass a kid. kids have a tendency to grow to their expectations",angry
i don’t think there is mouse and keyboard support yet,confused
but [name] is,neutral
oh wow never heard of that in my life sorry,tired
"gotta cast a wide net to get those sweet, sweet clippings.",overwhelmed
"i remember just feeling sick watching this, [name] made me cringe hard, i found [name] hilarious and ru looked terrible",anxious
somebody is really insecure about their career decisions.,anxious
"i am sorry for offending you "" wow you wont even let my child go there again"" how tf. whoops didnt mean to reply lol",lonely
"as a guess: didn't want to exit, but wasn't about to stay put after hitting another truck.",neutral
ah! that's not gone well!,sad
[name] and [name] together for multiple games composed entirely of 3 on 3? this is a dream come true.,overwhelmed
maybe it's not over for you. is there a gym for social awkwardness?,stressed
why would we put a center at sf,confused
[name] who? sorry i only know short haired [name],tired
well all i can say is i'm sorry and may [name] open your heart one day.,tired
it's all your fault mama,anxious
"hot bath helps me, or just heating pad on my breasts. looks awkward, but it helps.",stressed
"just read up on that guy, not sure he changed that much since his conversion unfortunately.",sad
omg i know. she honestly looks so uncomfortable. there has to be someone better who could host?!,sad
i think a budget phd or dnp would cost me 35k so not happening.,angry
what a nice [name] sentiment!,happy
"didn’t mean to offend, sorry if i did. i’m a firm believer in less glass( phones) and more flesh/blood.",tired
praise blucifer!,neutral
"but atacking it over and over again is considered griefing, you wanted to shoot fishes in a barrel over and over and got caught.",lonely
it doesn’t help,angry
so sorry that was his response. i hope you're able to get free soon so that you can begin to heal and move on.,tired
"relatedly, my legs are lean because i run away from my problems.",anxious
i'm so gay i can't even drive straight - a bumper sticker older than most redditors,anxious
i’ll take one [name] please,overwhelmed
future is bright to me!,happy
"you made me cry. that rarely happens, it's like poetry. someone gets me. someone feels my pain. thank you.",sad
i hate text speak . do you really want to dumb down your argument more than you need to?,angry
praying yea hope so,overwhelmed
"no problem, i hope that you are able to accomplish what you wish :)",overwhelmed
*most of us are happy to help.,happy
you'd think we don't have anymore tears already... it's been 62 years of crying.,lonely
me too. :(,neutral
i always wondered where it was on ormond. i managed to find the toolbox last week on yamaoka as killer.,lonely
"the whole thing, it was just hard to describe/express given how it all happened and everything.",lonely
we need a bench and a coach that realizes six foot three players aren’t small forwards.,overwhelmed
too bad =(,angry
i like this man.,happy
"cadbury is better than both of these, however they’re still solid choices.",happy
"sorry, but you probably do given the avers do have a limited literary skills at the best of times.",tired
[name] i want to get that ~~monkey~~blackhawk off our back so bad.,overwhelmed
i guess metric is old enough now for one of their songs to be grey’s title. huh.,neutral
stick with us. if only for one more day. then let’s try again tomorrow.,overwhelmed
mate you're talking to a remainer who wants to remain... i just want a labour government that's all.,overwhelmed
"i was always in awe of just how stunning she was. she doesn't photograph well though, it's a shame.",lonely
rip. sad for his family and the bull riding community.,lonely
may he rest in peace.,lonely
she looks like an early game killer.,sad
"eh. people really are judgemental towards ""hoes"", so i don't blame them. what is stupid is to shame people for having sex.",angry
"oh hey, the actual answer",happy
"[name], your uncle is not the hero you think he is.",confused
"it was weird indeed, but i liked it too! (maybe because i’m a musicals geek).",angry
[name] is scary,anxious
it’s harder when you have kids with the partner.,anxious
the car analogy is silly because car problems are physical and material and hence clearly factual diagnosable. “toxic masculinity” is a squishy theoretical concept.,angry
"yes, i realize that. all my other relationships have been a year or longer but even a month into those i was miserable",tired
i'm sorry.,tired
i thought it was fairly common parents didn't let their young girls alone with boys or vice versa even though kids will do what they want.,confused
drunk and crying in bed with my pets. :|,lonely
nothing cool about infinite genders and sexual confussion. populism and structuralism is interesting but as short term goals.,angry
a guy that size could very easily kill a petite woman with a direct punch,anxious
owo what's this?,confused
i'd argue they are advocating not fighting the fire in your house when the entire neighborhood is engulfed in flames.,angry
"eternal rest grant unto him, o lord, and let perpetual light shine upon him. may he rest in peace. amen",anxious
i'm so sorry. i hope things get better. 💗 i know emotional damage is rough.,tired
how is canada going?,confused
honestly im a pretty clumsy belligerent and i lasted 9 months and no case is great life i regret nothing,stressed
"yo. this is the stuff of nightmares, and that background music really freaks me out.",anxious
oh she dead,lonely
did you buy a new saddle as well. also need to go to settings and set as default or make it active.,happy
i am so sorry! i hope you are okay!,tired
"don’t worry, [name] already added it to his collection.",anxious
i noticed this while watching it and cracked up... it was so cringey! it was after they watched their wedding montages.,stressed
but i feel like such a tool!,anxious
"nice quote, not sure if it was worth the time to pull up though.",confused
willpower. i have a lot of little compulsions i give into. time to gain control over my day to day.,overwhelmed
wow what's it like to be so petty? (fixed),confused
3 hole punch rick.,neutral
aw poor kid. at least he has a bomb-ass name. too bad he probably doesn't remember it anymore.,sad
what do you mean?,confused
i hate that we cant be trusted to self criticize and we have to have russian news do it. it feels like watching fox.,angry
i am shocked they don’t have a vanity plate that reads “beer cheez”,confused
i wish i was [name]. source (deleted):,overwhelmed
i am sorry but how in the hell is there no added time added ?,tired
it's riskier to take on bad contracts right now,tired
this has to be a joke...,confused
the bitch doesnt need drag race (bc shes amazing) but im still sad.,lonely
"ugh, i want to have his baby too...",overwhelmed
congratulations - you're truly a [name] now.,happy
oh is that it,neutral
yeah but you're not anymore i'm afraid.,anxious
how can a picture hurt?,confused
> it’s really not that difficult to win in this league lol,confused
"i think it is characteristic for la liga, in germany that would be atleast +3",overwhelmed
i know it's easy for me to say because it wasn't me but money is money. we can always make more. really sorry dude.,tired
> least i immagine most bi people don’t care. no we do care.,neutral
"rip [name], you were a sweet girl. it's been over 10 years but i still miss you.",lonely
"19??? yikes slow down, enjoy yourselves and figure yourselves out. not an age to make big decisions like that, i say at 24...",angry
op and wife probably have other areas that are private. sometimes it could be our dreams that even we don't dare speak aloud to ourselves.,neutral
please [name] that’s how i want to go!,overwhelmed
i wish to die with my will and spirit intact!,overwhelmed
"dog thinking ""shit this guy is crazy, better get out""",angry
it's riskier to take on bad contracts right now,anxious
the definition is simple: relationship -> sex friendship (not f+) -> no sex,neutral
aw :(,lonely
haha i meant [name]. i was a very chatty fast bowler/no.6 pinch hitter.,stressed
i always compared him to [name].,overwhelmed
it is dangerous to date men - read the news - women get killed by male partners and ex partners very frequently. women are amazingly brave.,neutral
"come on, be nice to our resident libertarian to alt right pipeline example",happy
this primary doesn’t deserve this nice birthday.,angry
gotcha. i see my clarification above. i sincerely apologize that anything i wrote made you feel that you needed to enforce your boundaries.,stressed
"he had a lot of bad games; the longer he played, the more frequent they became.",neutral
[name],angry
the contempt from [name] in these threads lately is seriously disappointing.,sad
"personally, i assume that those who claim not to be deprived in this way are just adept liars. that's how deprived i am.",sad
"she did not try hard, that's the problem.",angry
"no, but you wouldn't believe what i'm not tired of seeing...",angry
oh my gosh. this woman who died also had a son who died. holy tragedy,lonely
just wanted to say that i'm also a 29 year old male and i'm in the exact same situation as you.,confused
of course it bothers you. she just admitted that something inconsequential to your relationship would be a dealbreaker.,sad
"that works for me, i am not hell bent on killing this person.",lonely
btw i’m totally including myself in the karmahungry section but that pic was just too appropriate to not share,stressed
i thought it was mildly interesting and don't regret watching it.,tired
is that an enby egg?,confused
"i'm excited for them, but i can understand why anyone wouldn't be. they both use the fighting styles of characters who are already in the game",confused
shit you are right! i can't believe i forgot to mention that as well! thanks for pointing that out ;),stressed
omg! an attentive parent actually teaching their children to safely handle guns! the horror!,lonely
someone that can check your dash and aa your jump is frightening.,confused
you made eye contact. or flinched. or were just alive and walking down the street.,confused
this strikes me hard. i wish i knew my way out of this,overwhelmed
it's all hypocrisy and projection. the people smearing him work for [name] and [name].,stressed
google “video game addiction”. you’re already at step one. you know you have a problem.,confused
sold out. sorry my dude!,sad
i am always hungry. i do not know fullness. no matter how much i eat.,confused
a machine would literally do a worse job than him.,overwhelmed
don't make me run! i'm full of chocolate!,anxious
your uncle sounds fun. rip indeed,lonely
:( had to change my flair for this one. that bites,tired
my bad i’ll try to do better,tired
"ah, this may explain all the untimely heart attack deaths we hear about for those who opposed the state or whatnot",lonely
"we had a clown banging on dorm windows, on campus, with a knife in 2016. was terrifying.",anxious
"i feel a lil dumb now, but not as dumb as the idea to switch those subreddits",stressed
[name] is that guy downvoting everyone who doesn't think we should draft him.,neutral
basically. my step dad didn't choose to break his back and his knees. the whale chose to overeat and become obese,stressed
i’m so sorry. hang in there it’ll get easier.,lonely
"to the rest of the world, i would like to say, ""sorry.""",tired
"it’s been 2 hours, op died for a noble cause.",lonely
this comment killed me. rip in pieces.,lonely
"you can lead a horse to water, but you can't make it think.",angry
[name] she wanted this so badly to be a choosingbeggers.,overwhelmed
"nah they’ll just show the one we got today, tomorrow on the wd, i have a feeling.",angry
"love this. i thought i replied this morning, but i’m definitely taking your ideas and going to try them! best of luck",happy
"> **most government positions**, especially elected positions **don't have any education or skill requirements** fwiw yea they do.",sad
they are taking advantage of the fact that you found this thread and realized you have to do is one more day until you get it.,confused
we don't deserve you. thanks for the update. happy it's being handled! :),sad
"sorry, but getting shot at causes an almost instinctive natural reflexive reaction to shoot back. i guess i'm just weird like that.",tired
"rip time wasted editing, its a shame that not many other people saw this",lonely
‘my goddess went to prison and all i got was this crappy t-shirt’,angry
😂😂👸👸👏🙌👏🙌❤❤❤💥💥👑👑💎💎💯💯♀️♀️♀️ now that's emoji game on point.,happy
that awkward moment when people who passionately hate [name] inadvertently portray him as a hero.,stressed
yeah it's a weird thing people do,stressed
actually nothing. the only thing is it's hard to brush while sitting down. i have to stand up.,confused
thank you. [name],happy
we haven’t had much luck either. we wish you and aunt [name] the best. stay strong! thank you for the kind words.,happy
can these be made so in the future it could be made even higher? like adding an additional 15 feet or so? would be cool...,confused
where's the blindfold?,angry
what do you think is an unacceptable percentage level?,confused
you look a trashy stripper that brings her kid to work. you also look like [name] if she continued taking heroine,angry
"i would hope the guy is genuine and honest, but in my circumstances, there's not much closure.",happy
i wish aoc was old enough to run for president,overwhelmed
i don't see any shoes on his feet after he lands. kid is fucking dead.,lonely
you're right. sorry for the poor reply.,tired
i thought i could handle it but i was wrong. good [name] was i wrong.,sad
why do some people use tbh after everything,confused
"where exactly is the irony? his name is not [name], and the title, bio, and picture contain no related jokes.",confused
good work if true!,neutral
"sorry bb :( i understand that feeling all too well, haha",tired
i bet the same person rails against monopolies.,overwhelmed
"nope, try to keep up.",angry
"i am so thrilled that you broke through that constraining ceiling, or that ""tunnel vision"".",confused
sounds like a great way to accidentally fucking kill someone who might just be passing by.,angry
"iirc it’s definitely darker than [name], but here it’s almost the same color.",neutral
chill. not everyone is perfect.,stressed
i think you two are obligated to go to bed together now.,lonely
"sorry, an errant surge of frustration",sad
oh i didn't know. please give me his p.o. box address so i can submit them immediately. cause i am definitely uninterested in blowing out my intestines.,anxious
prayers for dipo you guys. just had a gruesome injury,anxious
"sadly it would take wayyyyyy more than this to ever change custody agreements. documenting it for her own sanity is a good idea, though.",sad
"what are you even talking about? i'm sorry you don't like [name], get over it.",tired
yeah exactly man haha. not just that core is bad but hc is always more fun imo,happy
"just noticed, lol. damn pervert foreigners.",anxious
yes absolutely extreme levels of anxiety reaching the sheer terror phase tbh. people have no idea what i go through,anxious
"natural selection, i love you.",happy
thats awful and im sorry for your friend. i whole heartedly agree. its getting out of hand.,anxious
i wish to find my best one.,overwhelmed
he's so intimidating...,anxious
"sorry, there was a little bitterness in my voice from how my father treated me. not directed at op. i am in the wrong.",tired
"that sucks man, i'm sorry. things will get better, they always do in the end",tired
"it was world of warcraft, so i can't do that.",stressed
my uncle was hit by some kids doing the bird box challenge a few weeks back. it’s ridiculous.,lonely
yeah ik that should be unacceptable too lmao,anxious
someone needs to up their weed game damn,neutral
"if it shows messages read, he thinks he still has a chance. apparently not trying to go past the ""hey"" stage",neutral
"exactly, thank you.",happy
the worst thing is when you find it in a place you know you looked first.,angry
^ this. you know the guy's a liability when multiple teams openly admit to taking advantage of his defensive inconsistency at the left.,angry
yeah they taste so fake!!,angry
i might be in trouble in this case. i have 7 years going on 8 :(,anxious
i looked at several different websites - mine are not perfect. but i like them. mostly referenced this website.,confused
i wished my mom protected me from my grandma. she was a horrible person who was so mean to me and my mom.,stressed
i guess my story was too subtle. alone on an indian burial ground after dark. it's literally the core of multiple horror stories.,sad
"you’re right, 5 minutes won’t be enough, earlier could be 10 minutes. weird how that works.",confused
okay glad you have bots cause whoops,sad
> us common peasant imbecile [name]. at least you admit it.,angry
and the super rich are still miserable,lonely
couldn't have said it better. just did the same over my winter break and really got to know myself a lot better. cheers to the new year!,confused
oh my goodness.....i'm sorry. it's probably gonna take a long time to cope it.....,tired
i wish it wasn't so crumbly. it feels like sand in my mouth.,overwhelmed
seriously? i couldn't even remember the dude's name until about halfway through the season honestly.,lonely
must've been some damn good fries...,overwhelmed
damn man that’s a lot of progress. you willing to put forth another 2 and a half months getting your new character back up there?,happy
what's the cringe?,anxious
"i’m sorry you’re going through the hurt, this shit sucks so bad.. i don’t wish this upon anyone..",tired
[name] is garbage in every single game he plays. he needs to be traded,stressed
"[name], give us the opera album we deserve",overwhelmed
this sub: you shouldn't swerve to avoid a collision this sub: why didn't she swere to avoid the collision,overwhelmed
man we are sloppy,neutral
"even today, many years later that still gives me chills. rip.",lonely
wiretaps and catching low-level guys and having them flip on their bosses/co-conspirators. source: watched a lot of tv.,stressed
shame [name] is no longer with us,lonely
"penis enlargement? or reduction? if it’s something serious i apologize for the inappropriate comment, and good luck hopefully everything goes smoothly.",tired
the attempt was successful. he's crying and not talking to them because they're actually dead.,lonely
"yes but my point is [name] raping [name] makes more sense if she gives birth to [name] and [name], not [name].",neutral
looking through the lives of various figures of the new atheist movement in the social and political change they sought to create and how it stacked up with reality.,confused
that’s pretty awesome :),happy
strong focus on what the subreddit wants,overwhelmed
"are you [name]? haha kidding but shouldn’t feel that way, you tried it and now try to look for something that will keep you going.",confused
why is this still not banned,confused
read the title of this post. i said ugly people can be liked. but people don’t truly fall in love with physically unattractive people,happy
fish are friends ... not food.',neutral
no superbowl @ lambo for this generation; hopefully global warming will make an impact in the next 30 years. :),overwhelmed
"no, it's still up. it was in the comments, though, not the text itself.",neutral
because love is a lie and there is no happiness in the world,anxious
pfft why pay money when you can get similar negativity on reddit for free,confused
weird way to spell voldo.,angry
wish stuff was like this with my dad. lucky kids and lucky dad,overwhelmed
this post and thread are killing me,lonely
i feel sorry for her son that must have been super cringe,sad
lets call it what it is - grooming.,neutral
scary. i bet youre fun at parties.,anxious
it’s incalculable,neutral
"the new beserker face ruined him for me. made him another old, wrinkly hobo.",sad
"[name], [name]; these people have familes.",neutral
hey everybody its tagged as a shitpost stop caring this much. obviously we’re not getting ad.,neutral
sadly enough i was thinking the same.,tired
"you can always view afterwards, no confidential votes in parliament.",neutral
i could see [name] doing something but [name] and [name] won't say anything.,tired
"aha, guilty",stressed
i will defend common core against parents that are just bad at math until the day i die.,stressed
"""moose killed my parents.""",lonely
but what did he druer? sorry. (im not sorry),tired
feels like im wearing nothing at all!,stressed
weezer and squeeze her?,confused
has anyone ever told you that you look like a young and skinny [name]?,neutral
so cynical! 🙄 😂,anxious
because i suck at lying and they will have to find out about him eventually,overwhelmed
i missed this villain of the week feel of the show. feels reminiscent of s1 and s2.,sad
"i agreed with your first point and then stated a statistic. my bad, awkward wording on my part.😢",stressed
yeah but she didn’t get anybody to vote for anyone. she said they all said they were voting for [name] anyway.,sad
"nice, i like it. a truly unusual pairing.",happy
"when someone is that crazy, it's probably best to deescalate and go about your day rather than risk them doing something truly crazy.",happy
piss drawer. five bucks says piss drawer.,confused
>why are you so worried about my comments when you live in wisconsin ...what?,sad
"i don't care, [name] tweets make me uncomfortable and i hate him!!! - liberals",angry
i’m so fat my nipples just kind of hobble slowly across the floor then fall over,stressed
i feel your pain brother. just had to put down my rescue pup. rip blaze it for them!,lonely
"> to say ndp foreign policy consistently supports non-interventionism is absurd um, [name], op never said that. he only referred to this one specific situation.",neutral
"interesting, no denial about being an unwelcome individual. if my suspensions are public knowledge then prove it.",confused
oh noooo. i once accidentally rubbed my eye after handling habaneros. it's the worst.,sad
don't you're making me paranoid man,anxious
im done with my break im going to make more i promise,overwhelmed
"honestly no, just thought this was a teacher trying to be ""hip"" with the students and failing miserably.",angry
my thoughts exactly [name] looks dead.,happy
"oh ok, so we're agreeing. i didn't see that last part where you put him at 22. my bad. :-)",stressed
lmao stole my joke! 😂,confused
i don’t think there’s enough to make a canon implementation of cyvasse but it looks like there are some fan-made ones.,confused
i went to a destination wedding being the only single person. promised to never put myself in that situation again.,sad
"i think it was just a poorly worded title, what it meant to me was that there was a reason other than teaching kids to count.",stressed
sounds like an fp to me 🤔,neutral
i feel sorry for this little girl. she's legitimely scared.,tired
*or blasting it from a pa system installed on your car!,neutral
oh i forgot some people aren't able to pick it up,stressed
hardly surprising. now they also lost their coach... rip,lonely
do you not see the blatant hypocrisy of this post?,confused
"horrendous , this is also reflected in my experience act school where you are not allowed to defend yourself at all",stressed
"that's what everyone says but they are ugly. i want a diavel, m109, or a vrod.",overwhelmed
i wish it'd stop being submitted on the sub. we're out on him and it's pretty obvious.,overwhelmed
push me to the edge. all my friends are dead.,lonely
i like offensive humour. but just because somethings offensive doesn't mean it's funny.,stressed
these are worse than the [name] ones [name],angry
it doesn't really matter because since bf came out on console it's slowly become shit. :),lonely
"that's the death mark, looks like you've been chosen for sacrifice. sorry bud",lonely
"i am now sad the latest thief was so mediocre, because the actual city the game took place in was a great little world.",sad
"wish we hadn't already played them twice so we could hop in on this with something like ""stanley cup parade planners are here to battle""",overwhelmed
it really isn’t hard to put your chat in submode like every other pro player does.,neutral
please [name] that’s how i want to go!,sad
i really hate this family. nothing but snake-oil salesmen who's negative influence will reverberate for a new generation of young women who deserve better role models.,angry
they also oftentimes are not friendly environments for women and queer folk in my experience,sad
"hey man, it’s hard out here for a cat!",tired
pedophile abuses kid. kid grows up to become abusive. the pedophile is blameless?,tired
this would be a great meme format,overwhelmed
honestly it sounds exhausting being married to him. maybe it will be better for you in the long run.,neutral
got married so i don't have to worry about it.,anxious
"call ambulance or police for a wellness check but make her pay the ambulance fees/ callout fees, not op. it should teach her real fast.",overwhelmed
"they hated him, because he told them the truth",sad
"can i just say that the elizabeth line is still a bloody stupid name, and no i don't think i'll just get used to it.",stressed
"> bittersweet poetry that's a bonus track on some international versions of graduation, so it is an album track 😇",neutral
"when sub-zero is revealed to have red accents, we will officially have a problem.",angry
"what?! you dare insult the band of gods?! typical teen, i hate my own generation! *screams in 16 year old*",angry
"nothing special, just love a good knife fight. bonus revive.",happy
"last three times have been lost final, won final, lost ecf, which is insane. just a shame that's over the course of 17 years",lonely
always have a stockholm syndrome induced craving for hse standard jelly and ice cream anytime i think of hospitals here,overwhelmed
so what should i do?? i’ve been dating her for eight years and am confused on what to do please help me.,tired
i want g league over here in spokane so bad!,overwhelmed
i forsee success in your future endeavors.,overwhelmed
"for a super interesting participatory democracy example, [name] has a fantastic vid on youtube about cuban democracy.",neutral
i wish they didn’t hate [name] so much. feels bad to play her.,stressed
yes!!!,neutral
"mmmm, i sure do love some vaseline on a hot piece of toast in the morning.",happy
"stop calling them immigrants, that’s a lie. the term is “illegal aliens”.",sad
"my ex's favorite thing to do on psychs was eat, but i cant eat on psychs. she used to get so mad at me",stressed
there's a lot like that though: i don't think so.,stressed
i'm glad you're safe - but don't feel sorry for him. he knows what he is doing.,tired
definitely very messy. thank you so much for your advice! really hoping this works out okay.,tired
it'd be a real shame if someone killed it and stole its soul.,stressed
[name]. growing some ladyburn1974 as part of my first grow. thank you!,lonely
shootouts aren’t our strong suit. happy to get out with a point though,angry
"this was funny the first time, now this jokes been beaten to death so badly.",lonely
fuck i laughed at this post :d you better stick to your words and make sure to tag every bf:v dev.,angry
you're being cucked by an mlm i hope you realize that,confused
if someone posts it i would need some hard fuckin proof that it’s actually a [name] pick,tired
"you've been muted. usually awarded for extreme toxicity, don't worry though its temporary.",tired
"the japanese and the british can do it well, but they probably get like 10x the funding per capita.",angry
"when nobody can tell or force you to pay up, being in debt isnt so bad.",stressed
pull your fucking pants up oh my god,stressed
in a sous vide? how does that work?,happy
"> obs streamlabs thank you buddy, i will take a look at it now and do some testing",neutral
idk i felt like that until i got diagnosed with a chronic autoimmune disease.,confused
so basically what we have is a horribly exploitative business model meant to prey on drivers by tricking them into accepting unprofitable rides.,tired
do you really want to bring up the menstrual blood baking again? because shit like this is how it comes up again.,confused
just learn from this and move on bro. give yourself time to mourn.,lonely
oh my god are you [name]? if you are i am huge fan. i completed the ix ee earlier today using your guide,confused
don't kink shame,stressed
who could have thought that anti-semitism would have taken hold in feminism? why would anyone think that animosity toward an entire group of people is welcome there?,neutral
don't include me in this us! just kidding.. we need some love and fast.,happy
"if there was romanian news being covered, i'd want to hear from a romanian reporter... this is the worst take i've ever heard.",overwhelmed
i absolutely agree 100%.,happy
please elaborate on that story! ive always been afraid of exactly this happening to me.,anxious
sadly the request a book of [religion] requires a phone number now. but if you have theirs it might work;,sad
and that smilie she gave the fiancé when he sat down with the sandwich....i would be scared if i was him.,anxious
who would win: the green arrow or 1 electric boi,confused
it's not a murder or a cringe. just seems like two friends joking around.,happy
i’ll see you there. i laughed out loud at this one too. rip.,lonely
now that's ride sharing!,neutral
"thanks, this means a lot! i will do don't worry :)",happy
i personally wish that they stuck with the spin offs but if their happy i’m good.👌,overwhelmed
"unfortunately later died from eating tainted meat. [name] bbc documentary 'dynasties' followed the marsh pride, the lion episode was awesome",lonely
"it's wonderful. reminds us of the need for pragmatism and of course, just how much we've annoyed the [name] over the years.",happy
"only six colors for this look, sweaty? i could do the same look with sixteen.",confused
i have regrets. but i am trying to make the best of the situation.,tired
didn't that used to be the northern bank building? never been troubled by pickpockets in bangor but probably because i looked too poor!,stressed
i like brown sugar,happy
this comment killed me. rip in pieces.,lonely
no the limiting factor is the leader raped a young boy and paid his silence,lonely
i'm kinda in this same boat as op and currently learning to code to become a web developer. wondering if this field is compatible with asd .,overwhelmed
"i meant people who are attacking aoc over this dance video. apologies for the misunderstanding, and i appreciate the lengthy reply.",tired
their* comment; sorry. just realized you’re not the same person.,tired
hmm today i will listen to death and destruction,lonely
sometimes the mouse attacks the snake ! i think you should start dating if he is going to be a asshat.,happy
2017's sky high fees proved that this tech fails on a large scale. it's a disappointing reality.,sad
he was horrible,angry
do you think people are generally logical?,overwhelmed
he's just a fat guy that thinks he's cool. i don't get the hype but... oh well,angry
that's where cap 2 sleeps. leave it be,confused
it’s a nice basket.,happy
"huge loss. good job boys! now go out there, give your best and prove that [name] didn't die for nothing!",lonely
"after listening to the lecture, i’ve concluded that there’s no way this kid isn’t a redditor",confused
can someone explain to me what's stopping [name] from pardoning everything [name] even gazes at?,angry
"the amount of actual debating about who is ""best girl"" is fucking ridiculous jeez, y'all need to chill",angry
she even looks like a trigglypuff.,neutral
in draft i see a lot of enchantress. even without enchantress if lodestone demolition gets 6 dmg(same as lightning strike) i am happy.,happy
that's a maryland fan comment. you should be ashamed of yourself.,stressed
"sorry, but anarcho-anything are bot welcome there",tired
"the details on this building are fantastic. if anyone gets a chance to see it up close, you definitely should.",happy
your dad is a wise man,happy
yeah this doesn’t represent our fan base well. gg guys!,stressed
this guy rebuttals.,angry
and why do you have low self esteem?,confused
exactly. it's rediculous,angry
he is too quiet in games too often. not to good at mid and deep catches,angry
[name] was only president for four years dumbass and [name] served 81-89 dumbass this whole thing is made up and she’s a dumbass,neutral
yeah my girlfriend hates it when i joke about her weight. she needs to lighten up too,overwhelmed
all i see is a guy that’s fine stealing beats from his own farm,happy
....it’s just raining on my face,anxious
boston children’s hospital has these!!! love it!,happy
i think it’s impressive. it’s actually fairly difficult to be that slick for that long.,happy
i find that a normal chat in chinese can sometimes have that effect too.,neutral
i’m clueless unless someone tells me straight up that they’re into me. but this may just be me,confused
looks amazing! you've reminded me that i need to organise a good hill walk or two this summer.,happy
"if he saw it as something regrettable and possibly embarrassing, and has grown, eh. we all have something embarrassing in our past.",tired
can’t see him doing well in the premier league tbh. wouldn’t be surprised if he ends up wishing he stayed at dortmund.,sad
why am i gonna do? stop the ant? i’m scared of him too,anxious
"im reaching that age where some of my friends getting married, having kids, making 6figures and going to jail...",anxious
the actress died before season 1 aired so that’s literally impossible since [name] didn’t betray until season 2,lonely
it's almost a shame we won't get a second leave/remain referendum because it would be fascinating to see the result.,stressed
honestly i think most of that sort of stuff existed between the 1985-2012-ish. depending on your age most young people would have experienced these.,happy
"sorry guys, accidentally sold 10,000k",tired
it was a very clear shot of his face and it would have been weird to post.,anxious
"well, we need to know so we can get the fuck as far away as possible.",overwhelmed
hyelp! there's been an accident!,lonely
$11 an hour doesn't leave a lot of room to be a hero.,angry
no wonder remindmebot defaulted to one day :p,angry
fair enough but i would imagine it's a small enough number that we can deal with. don't throw the baby out with the bathwater...pun intended,sad
i'm ashamed that while trying to figure out what tke stands for all i can come up with is tau kappa epsilon.,stressed
but why does your horse have a leash on her while eating. looks sooo uncomfy. poor bubby!!!,sad
"good [name] alighty, he's broken in half",sad
this is brilliant.,confused
"i think the saddest thing here is that he thinks ""by-my-self"" is how to write that.",sad
"not on academical level, but on family and bonding and respect for people who have lost their dearest ones",lonely
not enough that the median incomes for those without a degree to be close enough to those that did as to not be significant.,angry
i hope thats true.,overwhelmed
driving drunk and killing people is where it stops,angry
"of course it's going backwards, people generally don't want to acknowledge men as the people that hold society on their backs.",sad
no. it’s creepy.,anxious
this happens all the time when guys pick me up. i don’t know anything about cars. just tell me the color,stressed
marry her or i will. cause when my gf sees this comment i'll be pretty single.,stressed
"very good advise, i did not realize this. i guess there is more risk in a lease than what i initially thought.",happy
you got me [name],tired
it’s a shame we have to face the islanders so soon,stressed
another horror story - just getting on your train at the time it should have been arriving at the end destination 3 hours away.,anxious
blockbuster was so overpriced compared to local stores though. it was always a last resort for my family.,neutral
that knife looks awfully familiar... *snorting and claw clicking in the distance*,angry
the cheerfulness of the “hail satan” text overlay was unexpected.,confused
2. i hate to say it but it’s the same thing i do and i hate myself for it,stressed
i wondered where the quote about “supporting your azz” and was very pleased to finally find the train wreck that said it.,confused
their interests are convergent where it matters: they *all* want more of your money to go to healthcare.,overwhelmed
"can you please make one for ps4 with (movie) [name], [name], and palp please?",overwhelmed
removed. guilting the op and pushing this course of action is not acceptable here. be sensitive to the op's current frame of mind and wishes.,tired
> you seem like i good time see previous statement about being uneducated.,overwhelmed
ironically every /pol/ meetup is more diverse than the people pushing diversity and race mixing. weird how that works huh,happy
"if we flip it, it’ll be too expensive for you to illegally emigrate there and retire, grandma.",anxious
"said it all year, i think losing [name] hurt this team in more ways than we'll ever know.",sad
typically the speeches come from a functional adult. the idiot is an unindicted co-conspirator with a visible personality disorder. feigning normalcy is part of what's wrong.,sad
"thanks, i hate reposts",angry
70% tax rate is a terrible idea,angry
"******fucking internet, am i right?",angry
if it makes you feel better im gonna be scrubbing out hard for a while so maybe ill see you round to give me another loss,sad
my life is complete,sad
wouldn't wipe my arse with it.,neutral
looks kinda creepy when you keep watching,stressed
"100%. this is made up. if her claim was true, she'd have it on video.",neutral
"my bad on the phrasing, it’s more of a hole with a vent cover",stressed
"i have no idea what's going on, but i hate when people surround the car like that.",anxious
your uncle sounds fun. rip indeed,lonely
can we just go down there and propose a bill? die the constitution not allow that? an if were not allowed doesnt that count as non representation?,confused
"wow, your ex partner sounds exactly like mine.",confused
"sorry man, losing the championship after picking him up this year is a tough break",tired
can't help that the president hangs out with the bottom of the barrel.,lonely
"this is the worst meme format in the history of meme formats, maybe ever",angry
stranger: **compliments me** me: i'm sorry!!,tired
"saddos??? and holy heck that laughing emoji, what a disrespectful sociopath. i'm so sorry you have to deal with her.",tired
i’m so sorry :/ always happens to the ones who deserve it the least. feel better♥️,tired
lol oops what season are you in so i will know what not to spoil 🤪,stressed
that was just embarrassing. we should not be loosing here.,stressed
that is one very expensive mistake,sad
you still worrying about that is like a poor person hitting the lottery and still worrying about money. you hit the jackpot bro.,anxious
"it's likely that they don't have much, yet still make poor financial decisions.",sad
[name] has noted your transgression. punishment is forthcoming. please stand by.,neutral
"shit, i wish i had your skin and those blackheads. i’m 38 and still get acne and have scars!",overwhelmed
"if you read sub rules, you would know you can't post here.",neutral
"i would’ve preferred not to be vaxxed as a child, bc then i could’ve died by now",sad
"i live in southern ohio and my wv based phlebotomist was literally was just telling me about this today,",neutral
the inspiring post was secular wanting to involve frummies....on secular terms,neutral
it worries me that there are people that miss the meaning of a subject by so much. your critical thinking skills sadden me.,anxious
do not send money by western union to anyone in china. it's 99.9% scam.,happy
all the more reason to not give a fuck about cff,angry
you should have noped out of the whole thing the moment the racist with a racist character came into the picture.,angry
still no [name] on before him.. we're supposed to be proving how important he is to us,lonely
"no, mom doesn’t like fights and my sisters afraid of getting hit (even though he doesn’t hit her)",confused
i feel attacked,anxious
this was the scene that hooked me on the show.,sad
i'm sorry [name]. i won't do it again.,tired
best comment ever,happy
damn i wish i we're friends with [name]. i could use 197k,overwhelmed
"or plan ahead, call 511 periodically for updates, and don't put your shitty load ahead of your own life.",happy
"if he has to put up with people like you, i feel even more sorry for him now. yikes.",tired
i'm sorry to hear about what your sister did to you. i'm glad my videos could be of help!,tired
"it was probably either a wrong number, a prank call, or a girl you forgot you met and she was embarrassed. if something more happens update us",stressed
i’m gonna sit down and cry now,angry
"tts have size limits. the group i was acquainted with had, ahem, ""leadership"" problems as well.",angry
"wah, the poor dead fascist thug! what a fucking tragedy. every dead cop makes the world a safer place.",lonely
many friends are like this.,neutral
"this used to be the biggest circle jerk for dayz ""guys its alpha!"" oh' how the mighty have fallen.",confused
bulgaria!!!,neutral
as someone who is dairy intolerant (milk is in _everything _!!) this veganuary is awesome :d,happy
yeah i've noticed that. i probably give off aspie traits to nts but aspie like traits bug me,anxious
in that conversation it was the girl being boring and closed... sometimes it’s not your fault and people feel they’re the ones being awkward,stressed
really hope the best for him. couldn’t stay here but hoping he keeps that girl far away from him and gets it together.,happy
"though underwear would have made this less embarrassing, i wear it for a different reason.",stressed
wow sold out during break without most of the students. don't know how they'll fit the students in once we're back,confused
it's incredible! so glad i could help with this! :d,happy
minimum wage hurts small business more than it helps the poor.,lonely
i'm glad you found your way. and even missing one day of effexor gets me sick so i feel for you,happy
that would’ve tasted a lot better,tired
had surgery at 3mnths old to fill a pinhole in my back (spinabifida) cutting myself after some severe postpartum depression,lonely
"i've gone through phases like that, usually related to depression or something else going on in my life. see if it passes in a couple weeks.",tired
the knock off names are super cringey but i love looking for them,stressed
your age difference is incredibly creepy.,angry
i'm thinking like an old guy who doesnt want to deal with the responsibility of head coaching anymore,stressed
my whole life’s been a lie,sad
how did i not know this?! that show is so good.,confused
somebody wanted these people to burn to death.,lonely
i still think we didn't give the guy a fair shot to coach.,tired
wish i had the confidence of [name],overwhelmed
there's a lot big talk here that will look kinda dumb if we're third/fourth midseason. i hope we aren't being clowned halfway through the season...,happy
">some ~~drugs~~ people are just... scary... some drugs tend to bring out what's bubbling under the surface, so in that way, yeah.",anxious
i will downvoted u into oblivion!!!!!!,angry
damn i played that game almost daily for over 2 years. i loved domination mode. rip...,lonely
i wanna give [name] a mosquito bite,overwhelmed
you need help!,happy
yeah i heard the therm used before but not in the same context as this one.but here it just makes me burst out laughing,angry
"plus, thinking you know someone that you don't just weirds them out. it must be disturbing having people flock around your persona, ffs.",stressed
reach out to @teamyoutube on twitter and explain what is going on.,neutral
wait what power is this?!?,confused
this was my biggest problem. and i'd want a nap too. that's why i have to shower at night.,stressed
"she wants to connect, alright. with your wallet.",overwhelmed
i said stop though. what’s with right wingers and not understanding consent?,confused
it’s ironically calling british people ugly as a meme i guess,sad
"that actually looks super, super cool.",happy
i don't know why but every time i see a meme telling me how good i am it doesn't do anything and doesn't make me happy,sad
[name] missed a wide open [name] below the rim. dude needs to pass the ball more.,overwhelmed
funny how the whole rape thing just vanished once he was appointed.,stressed
i'm from wisconsin. i don't understand your question.,confused
the mango pods i purchased in new zealand gave me a crazy headache but other flavours did not.,tired
i got a lot of withholding to throw me into anxiety.,stressed
"what? what's wrong with making g a charge charact.. ooh, yeah q, i forgot.",sad
it doesn’t surprise me given that this is the kind of establishment where staff rape the coma patients.,angry
death approaches! -[name] 2013 (i think),lonely
"i've had such bad memories, i remember when i remember bad times now! haha",stressed
i just don't like our options in the off season.,angry
we are killing this planet,lonely
"if they're not spending this year on [name] or [name], i have no faith for them to spend on big free agents in the near future",sad
so you gonna break up? she obviously don't care about you're boundaries.,confused
"anytime someone says “sorry, english is my second language,” i already know i’m in for a well written post.",sad
sorry. this thing knows whats up!,tired
"exactly how i feel about it too. the guy is just a jerk, and can't be bothered to care unless it benefits him. selfish little prick",sad
"i keep wondering about armpit waxing, but the potential pain scares me.",anxious
i kill them all and then overwrite my only save. i'm bonkers.,lonely
"also, they ruined top gear but that’s a whole other issue.",anxious
that's... why i'm here.,sad
i'm puzzled,anxious
he sounded so disappointed when he realized they just wanted sex :( poor op!,stressed
and how long ago was this?,confused
me and my girlfriend were holding down the harmonies in section 8 youre welcome everyone 😂😂,happy
"search results are indeed based on personal search history. the first result i get searching canadian soldiers is [name], haha",happy
absolutely. it's exhausting.,sad
i am sorry but you dont have a saying in this matter. its up to your parents to solve this.,tired
definitely teased you ;) i think it was punishment for lifting at 8 instead of 5 this morning prez.,stressed
probably just do the job and try to work out your anxiety rather than taking the path of least resistance which offers no character growth. best of luck,overwhelmed
sjw's i've encountered were far more trivial and spiteful in general.,stressed
"she’s just not that into you, that’s what i think. you need to find an hl girlfriend and go have fun.",confused
"that's a good idea, i'm going to have to make some room! thank you.",confused
"shit, i lost the original page. please forgive me.",stressed
i want to see more [name] backcourt action. i don't wanna see [name] shooting right now.,overwhelmed
"sounds like you know the answer, and at first she will resent you. but hopefully over time will realize what your doing.",confused
*talks about [name]* oh also the canucks have never really drafted and developed a star goaltender,neutral
don't do [name] dirty like this smh,angry
"ah yes thank u, now the image is very funny",happy
boop! go stars!,neutral
same but i’m not really believing the op isn’t a troll.,angry
if you saw this pizza you'd have disagreed. would have caused [name] to faint,anxious
oh my [name]. it was hurting my brain. i only saw the disappearing boot and thought i was missing something.,lonely
my daughter just took hers (and failed but not surprisingly). it cost her $125.00.,stressed
"other than the futurescope trilogy, it is pretty bland.",angry
why? he was always brilliant. it was such a shame he lost out to [name]. things would have been very different today...,stressed
"ah yes, resort to ad-hominem attacks when you have nothing else to say.",angry
this was probably one of the best videos i’ve ever seen on reddit. what an amazing story. job well done. rip chief.,lonely
"where? sorry, the link doesn't seem to work!",tired
"i see a lot of adult women who look fantastic with bangs, this article is just dumb",sad
"hell, no. teenagers just aren't that interesting.",sad
yeah what do they expect? maybe they should realize if you push gen [name] and under into poverty they won't be able to afford your crap.,stressed
i leave for three weeks in morocco tomorrow. excited for the 80 degree temperature swing.,happy
that's... why i'm here.,angry
"i own literally no red shirts, would grey, tan, or purplish be okay?",neutral
the right had both houses and the presidency and they wait until they lose the house to pretend they care about passing wall funding. so brave.,happy
"for me, i tend to (over)share with friends, but also get offended at trivial questions like you.",angry
"sorry, i swapped back to canada unclearly, to respond to the comments about it.",tired
i'm with you!!!!!!,happy
child labor laws are ruining this country,sad
i feel digestive regret just looking at them.,sad
parents drugging their kids to prove a point. i love it.,happy
the amount of empty seats at the orange bowl was pretty bad,sad
had a buddy fly from bc to ontario yesterday with an illegal ounce in a ziploc. no problems.,happy
good grief.,lonely
which is a huge shame since it took place at wrestle kingdom. hoping he has a great reign filled with good matches.,stressed
for myself and my lustful habitual sins if you don’t care. i’ll be praying for everyone in this thread too.,tired
[name] loves rui too afterall,happy
taking a blood thinner such as aspirin would keep it from clotting,confused
poor [name] looks so bored in the remakes.,lonely
i’m curious as to how this came about in badwomensanatomy. was she saying this was something that couldn’t be done?,confused
"if you've only flown private for most of your life, it's hard to not think it's uncomfortable.",anxious
must be a terrible swim team. the only thing that your neck beard does is accentuates your double chin.,angry
pls provide a timestamp to their antimigration chants and bravado lol,overwhelmed
"that's a funny way of spelling ""don't make me feel bad about my bad choices""",stressed
"so, you get yo keep the llr and lose your house/money/car instead?",lonely
can’t stand that dwarfism [name] she is so cringe,anxious
i don't reveal my sources. gotta keep my journalistic integrity.,happy
*looks at amoeba music shirt* cool i have every album ever made!,neutral
"ah, ok! i'm afraid i do, i just didn't realise that's what it meant (so old i am going stupid....)",anxious
"this is wild omg. also, happy cake day twin!",stressed
my nuts hurt watching that second part,sad
[name] is such a doofus. it's awesome,angry
so you wouldnt keep [name]?,confused
"i don't know how accurate that is, pure nicotine is a lot different to nicotine in tobacco so i doubt vaping is that addictive",anxious
sadly i had to scroll through the story to read this,sad
"fool you twice, shame on you",stressed
"wanting to have immigration controls is in no way, shape, or form racist.",overwhelmed
"really worried about nisa translating it, but at this point i don't care any more, as long as we get an english version of it.",anxious
"sorry, i swapped back to canada unclearly, to respond to the comments about it.",sad
and then thigh high socks in addition?,confused
i have a bad feeling about this.,lonely
"i really only do this after a while if awkward silence, which may make it even more awkward tbh",stressed
don't date broke/jobless women. i have a job and i always offer to pay the bill or split.,sad
can confirm. my downvote was removed. added it back just now. edit: my mistake. it was a different video.,happy
what’s all this meow?,angry
"yes because people constantly use that as an example of ""tsas failure"" or a tsa miss when in reality tsa wasn't even involved",neutral
this jokes a name changer,happy
"i think he is dead but he died long before the supposed raid. he was old and sick, dying of kidney failure.",lonely
"i bid my condolences to any player who did not experience release day action. “*glorious battles, tooth and nail* *noobs arrived, our matches grew stale*”",lonely
sorry i meant to link it but completely forgot :>,stressed
"lost my only grandfather two years ago to alzheimer's, this is great news knowingly this disease sucks",lonely
too bad they lost.,lonely
"yet, the blue bell crowd still worships this half ass ice cream, full of artificial flavors and hfcs.",happy
but how does he.....but where will he......can he even........fuck it i’m out,confused
this is why i could never work in construction,tired
you’re a nut if you don’t think the pubs are far more corrupt than the dems.,stressed
it would need immediate medical attention and hospitalisation. might be fatal due to liver failure.,anxious
"yeah lol. 25% of women are sexually assaulted in [religion] countries, maybe.",sad
part of being an adult is putting awkward on the back burner because some things are more important and need to be said.,stressed
minarchists cant be socialists. this doesn't apply to you brosky.,neutral
nobody is shaming them for trying to stop article 13. youtube is being shamed for being hypocrites.,stressed
"he knows she's winning the pr war, so he's lashing out like the angry toddler he is.",angry
"sorry man, i have no idea either!",stressed
i wish that show would come back,overwhelmed
[name] bless the united [name],happy
please don't think the way they're trolling represents us [name]. i'm sorry this happened.,stressed
this is the kind of thing that makes me want to low key record every single one of my lyft/uber rides.,overwhelmed
i do love how absolutely distraught the girls look,anxious
when does it drop again?,neutral
i wish [name] nothing but the best. i certainly won't ever forget his passion for the mets.,neutral
i really need to stop taking my guns fishing with me. i keep losing them!!! :(,sad
ugh. this is horrifying. thank you for sharing.,lonely
because they saw it once done before.... on ig!,overwhelmed
i'm kinda afraid to ask but did anyone reply?,anxious
"sorry, i don’t see a difference. if you are opposing people’s access to something, your opposing that thing.",tired
that must hurt,sad
"diacetyl, which is actually in higher amounts in cigarettes themselves, and even cigs havent caused popcorn lung lol",neutral
"all those empty seats smh. imagine paying $300+ just to see the rangers get slaughtered at home. and yet, i still want more goals haha.",sad
my [name] it's a mad house over there right now. all of the posts are about letting boys be boys.,angry
"> still hard phrasing. o_o sorry, i couldn't resist.",tired
"and [name] would never cheat, either! for shame!",sad
"i'll say no thanks to endangering others in traffic. and miss me with the ""i drive better while high""",angry
ah i didn't know that. i meant this [name] ad:,confused
"same boat, will also be traveling but im not sure where yet, based in madison wisconsin tho",confused
this should be the norm instead of the exception. sadly the leaders in law enforcement are almost always more into politics than principles.,angry
it would have been more believable if he stated he was attacked by penguins wearing red hats.,neutral
and that is what cognitive dissonance looks like. people do the craziest things when reality doesn't meet their expectations.,happy
how incredibly dangerous,lonely
a guy named [name] had a nightmare of [name] getting shot at a live performance.,neutral
there is clear video of them harassing people before any confrontation.,angry
"damn, wish i could just pick up a hobby and start training 4 or 5 times a week...",overwhelmed
"because people that comment on youtube videos are toxic, filthy heathens.",stressed
"also this. 7-4 last night is no different than 7-0, they just took their foot off our throat for a few minutes.",angry
but they aren't poisonous?,neutral
"the few people that survive jumping from bridges say, almost invariably, that they regretted jumping the second they entered free fall.",sad
"next time try something called blue ice or green ice. its the best. cools the burn, stops the itching, instant relief.",happy
"you, i like you",happy
would someone even be able to pursue a diagnosis for type 2 if they already suffer from type 1?,confused
he'll pull back into his shell before anyone gets a chance to hurt him,neutral
"gamers rise up. let's get this bread for our brownies, bois.",overwhelmed
thanks for the share!,happy
wow.... so many people here apparently don't know poly relationships exist.... just say thanks. why would it be weird?,tired
bitch subscribed to 1st look at [name] shitposts.,angry
just watch everyone we are somehow gonna mess up this draft pick down the stretch with pointless wins too,sad
i’m sorry about your friend.,sad
this is a terrible idea,anxious
gf is false; i saw mayor get transported and i was stabbed by an sk,tired
that fascist bigot!,angry
reminds me of that tragedy,anxious
totes! i love walking round and round and round in circles all afternoon and still not finding the store i need.,sad
i'm confused,anxious
"relatedly, my legs are lean because i run away from my problems.",anxious
i wish you to experience exactly the same feelings that i'm experiencing,overwhelmed
i just changed my status and didn’t have it show up on the feed to draw attention. those within my circle of friends already were aware.,confused
"naw man that’s my stove, i just wish i had a carrot 🥕 for y’all",overwhelmed
he's just logged off and i can't wait for you to see the final number.,overwhelmed
"""acsended incels"" are fakecels. truecels like me never ascend and will never ascend. if youre goodlooking enough to have ascended then you were never incel.",neutral
i’m so sorry the internet has inconvenienced you,tired
i legit wish you never talked to me,overwhelmed
[name] earned it i think. he was godlike at world's. but [name] is the absolute worst s+ on this list.,angry
"hey man, its your roommate; i need to borrow your shaver!",neutral
nah. been over it pretty much since [name] said the vikings did it too. pretty hard to be mad when we were just as guilty.,tired
he's dressing like his dead 'friend' to keep him in his memory,neutral
idk how tf he was able to play on pot and booze that sounds hard af to do,angry
"> i miss frequent, monogamous sex enough that i miss a relationship very much. this is really the core of why i want a relationship.",overwhelmed
well that’s dumb. the question is about this sub.,sad
"not cameo, reference sorry",tired
"it's not hipster until you start calling it mylk, anyway.",neutral
"this is an opinion article, just keep that in mind.",happy
i feel like that’s the least disgusting option. imagine a penis or vaginal canal made out of fingers.,angry
"i've tried a whole lot of things, nothing has worked.",anxious
i’m so sorry :/ always happens to the ones who deserve it the least. feel better♥️,tired
"which sucks, because it's a *bitch* to find replacements for those.",angry
"sorry, didn't realise i had to mollycoddle your feefees.",tired
[name] i’m so sorry sweety,tired
and if you ever make a fat cop joke on reddit then you're the worst criminal of all!,angry
i bet he jerks off while holding a gun in his mouth while crying.,anxious
"you just made my point, you obnoxious whining kid",stressed
oh [name] that's terrifying somebody save us ^/s,anxious
"you're right, it's not as bad as the crippling retardation you currently suffer from. i'm sorry dude",tired
"i bet you that’s what will happen, which pisses me off.",anxious
isn’t /politicalhumor a sub that barely has any real activity though...?,confused
because im going to feel sorry for the death of someone who assaulted me. sure thing buddy.,tired
holy shit i was so anxious reading this. i’m so sorry,anxious
good god there’s so many cheapskates here trying to justify it by insulting me! pretty funny tbh,sad
it’s like you guys actually **want** a dictator.,overwhelmed
he was shrieking at everything up until then. like i said i was worried in the beginning but sometimes it works out.,sad
"didn't notice the date, sorry.",sad
is this sub scared to talk about [name] getting arrested,confused
just thinking about all the stupid stuff i did as a kid makes me very afraid for my 5 year old.,anxious
i've seen a number of them on there. i regret seeing most of them but some are legit movies.,tired
what's ridiculous is this stupid post and this asinine idea that white people are these constant victims,stressed
when you didn't get a chance to play yesterday and only have 5 minutes before the tier skip ends,neutral
i didn't believe it until i saw a video with creepy music. creepy. music. that's when my eyes were opened.,stressed
i wish the camera showed the cops reactions and faces when it didn't work,overwhelmed
you'd think that's a simple game mode they'd have had from the start... i would have loved that.,overwhelmed
"oh, didn't know. will lock the post.",confused
"well i'm scared as shit let's hope for the best, benz should be back(?)",anxious
"glad to hear it’s open again, great spot. i still class climbing coonowrin as the stupidest thing i’ve ever done.",confused
"partial reopening within the next two weeks for services to the [name], but unfortunately for some a lot of the government is never coming back from this.",angry
that one is much better.. you win :(,happy
wow. you basically found my dream woman and gave her up.,confused
"also, they ruined top gear but that’s a whole other issue.",angry
i accidentally found it while googling things about “not wanting to be [religion]” and “feeling trapped in [religion]” ect.,neutral
another picture of [name] please thanks,happy
"also, [name] growl/yelling/screaming at [name] in the sumo suit on beach day.",anxious
"""so, i was grading your work and someone spilled coffee on them. sorry for the mess.""",tired
"wow toxicity has been done thousands of times, becoming less and less original, try something new. next!",confused
omgggg i’m dying at stassi. she looks like she was going for a jersey shore look. shes still gorgeous though,anxious
i’m so sorry that you both have to deal with this ❤️,tired
the last message was particularly painful to read,sad
lets just say its probably cheaper to just hope a more positive outlook reflects on your out-look.,overwhelmed
right like interacting with each other having a normal evening? ugh they’re both so trashy i’m sorry.,tired
"someone commented that it's like that friend who constantly talks about their ex, but insist they're over them.",anxious
i can play faster. i just don't enjoy it as much. might i ask what is your draft winrate?,confused
6/10 pumpkin spice lattes?,neutral
juul is heavy vapor. idk how to describe it but i didnt feel like that when i used other juices,tired
"honestly at this point i don't think there's anything that will make me feel better. maybe down the road, but right now nothing is helping.",lonely
well i am the son of a parent who legally immigrated from the [religion] country of turkey so no thanks jackass.,angry
"i think that's a minority, not the majority there.",angry
indeed. and good on those that do so. i wish those i've heard complain about what they don't know would be so proactive.,overwhelmed
"ooh, i wanna be [name]!",overwhelmed
yeah definitely not like my welder boyfriends hands for sure,happy
"can confirm, playing a game of checkers is the one occasion i get to smash my wife",happy
"damn, we could of had a little free soda reddit party.",overwhelmed
is this dragon age style?,neutral
i wanted to see him show out over kemba.,neutral
"[name]: ""she seems useless""",neutral
"i don't know what the main broadcast is like, but the mnf crew is amazing.",confused
aw it’s the same user who was scared of breast feeding lmao,anxious
don’t blame us because you’re a dumbass..,angry
[name] is so frisky this season.,neutral
"it doesn't cost money to organize. it costs time, effort and concern for your country.",confused
that’s rude af. slay him with your words. give him every insult in the book then say bye bye,angry
"it’s a highly catchy and enjoyable song, i really like it. not everything should be lyrical miracle spiritual individual music",happy
you can't. it's best you go see a professional about that wound of yours.,happy
wow...mean [name] passed away today. rip,lonely
there is a difference between being a good villain and being insufferable. he has passed that line a few too many times for my liking,confused
you will not have damage to extremities when applied in a temporary situation as in this case. simple as that.,confused
>![name] get the crossbow before it's too late he can't breath oh [name] please hurry im shaking and crying rn!<,anxious
"i'm not very good at pressing the devils doorbell, but apparently i'm decent at licking it.",neutral
he’s not the brilliant tactician he’s made out to be.,sad
you're disgusting,angry
i’m embarrassed how long it took for me to figure this out. 🤦🏼‍♀️,stressed
oh sorry i gotcha,stressed
i hope i have your chemistry knowledge one day,neutral
i wish i'd get invited to parties...,overwhelmed
hail [name]!,neutral
let their deaths be swift,lonely
thank you for responding with truth to a top comment that is intentionally very misleading,happy
"she probably just said it because it rhymes, sorry op",tired
they did and he is going to be extremely difficult to feel much empathy for him.,anxious
i swear every wraith i went against camped.,lonely
sorry. i don't want to put words in your mouth.,tired
her accent!! i died.,lonely
"ok, i guess i gotta show some commitment, thanks!",happy
he had to much red dead 2,lonely
"he may have, i was more worried about the ""running and shooting the ar one handed, off to the side"".",anxious
yeah i wish they hadn't opened the entire game with the ol' [name].,overwhelmed
i wish i could forget. stop reminding me :(,overwhelmed
">working in md and dc? would this be illegal? i will do that, thanks!",confused
"if he hits you and constantly degrades you, it's abuse",neutral
"i'm with you, pulju has been looking dangerous lately",anxious
"[name] gonna end up killing her. its just whether she does it willingly, regrettably or accidentally.",lonely
then your education must have been pretty poor lol,stressed
the best ad placement.,neutral
i don't know if i'm comfortable with a religion that approves of human sacrifice tbh,confused
i think i would spontaneously combust from sheer delight,neutral
"[name] injury, [name] coming back, leivo trade. quite a few moving pieces",neutral
**let’s go hawks!!!**,angry
"i'm so sad for you, i'm so so sorry. 💔",sad
so he watches a movie documenting how a band became mainstream and complains about them being mainstream. o-k,overwhelmed
"oooh, that shaggy!",confused
"spoiler alert, it's terrifying and depressiong",anxious
don't you feel embarrassed at all that your country answers to a country literally opposite of the world from yours?,stressed
they wanted all the shows to be based in new york. seems like a weird reason but that’s what [name] said,overwhelmed
cool story bro!,neutral
maybe you'll get lucky and it will fall apart before they go through with it.,confused
may we all strive to be like that man.,overwhelmed
"college was the worst and the most miserable time of my life. adult life, on the other hand, is the best i've had.",sad
"i think the scene with [name] kissing in the bathroom after midge’s death is really good. idk, maybe it’s just me.",lonely
"because after the troubles, making a joke about religion in northern ireland goes down badly.",sad
>ribs my condolences on your loss.,lonely
finale,neutral
people would still always parry them (600ms) :(,sad
"[name] you sound like my father, i feel sorry for you",lonely
didn't look that thick either...no snow....this was ending badly no matter what.,angry
be the difference you want to see in the world.,overwhelmed
"yes! my so does that, unfortunately the requirements are stricter and i can't :(",tired
"happy cake day! it'll be tough, but stick to it and you will come out the other side better for it.",happy
wait... i was told the revolution happens when a girl rejects all her parents taught her and gives her boyfriend her love....,confused
dude. same. that would just be... devastating.,lonely
you are not yet worthy to possess this knowledge. watch the film and you may be rewarded.,angry
obviously wasn't entitled to a functional brain.,neutral
watch us play better without him,overwhelmed
goodbye cruel world.,sad
i was so worried for the kitty the whole story.,anxious
still is glitched to this day.... sad,anxious
imagine thinking this comment was ok to post. shame on you.,neutral
i wonder if the formal letter from the psychiatrist will help if cops just decide to shoot her first :(,sad
"i mean, i’m an occasional monarchist myself. that doesn’t mean i’m under some delusion that it’s a fix all.",neutral
well the cops would probably become even more corrupt in covering things up to protect their buddies from losing retirement,anxious
you told me it was pointless to point it out. you're the idiot,angry
she does not love you. try to ask yourself why you are accepting this treatment.,confused
i heard the ostrich was sick.,sad
nobody said they don't have the right. it's still embarrassing.,stressed
"*oblivious to double standards haha lucky he didn't have, * must not be a hypocrite",happy
can a gang member legally citizen arrest someone 🤔,confused
"stop texting him until you meet him. what if he is weird, creepy, not your type etc.",angry
ikr. spend your time doing better things like reading [name] fanfics ❤️,happy
"she was sorry too, after i found out and ripped her a new one. lol",tired
mmm.. that would be a little bloody... i think i have a new fethish...,sad
yikes!!,neutral
> native lithuanian cool! are you still there? my family was in kursenai/telsiai until the early 1930s.,neutral
this is super duper nasty,stressed
> love is more important than some job. you can't be serious? please tell me you're just joking.,angry
"my bad, i guess i should've read the whole thing, from opiate yes",tired
"we only seem to hate them when they espouse murderous political philosophies responsible for more than 100 million deaths. weird, huh?",lonely
schoolboy q. - that part that [name] feature is intense :d,neutral
my heavens people are getting upset about this.,lonely
i love it but i hate everything around it. i want to theorycraft a deck with all the cards i want without having to spend money.,angry
"reddit is being way too forgiving of [name] for some reason, it's an odd nerve that i've touched here apparently but keep the downvotes coming.",anxious
[name] have a solid minute lol. [name] can’t sit at all tonight,happy
"people will stop wanting to punch/jail these people when they stop being ignorant, selfish pricks putting newborn babies at risk.",anxious
you should have an ap that respects you ...not just one that wants to use you.,overwhelmed
"it’s time to stop lad, it’s getting a little embarrassing now...",stressed
beautiful and thank you for the inspiration.,happy
i don't see any shoes on his feet after he lands. kid is fucking dead.,lonely
"they barely screen apparently, and it's ok, i know i'm garbage lol",happy
this gets much worse on the 2nd loop.,anxious
i wonder what he's listening to...,overwhelmed
excuse my wording. i should’ve said [name] all around game & unselfishness combined with [name] aggressiveness & scoring,tired
he's protecting and defending the angels now 💚,happy
[name] has a drive that [name] doesn't at all. he cares more about his hair than buying a house for his mom from what i have seen.,stressed
"sorry dumbass, the provision is for paid **training days** but nice try",stressed
"no. there's a fair amount of nudity, violence and foul language.",stressed
hidilly ho there neighbourino now stop swearing you [name] damn cunt i'm buying my son gta v,anxious
they probably died anyways,lonely
would love to know more about your experiences with them and where to find them.,confused
i'm scared to do these cuz the s.a.g.e. told me i was a transvestite,anxious
oh my gosh!!!!!! 😂 you poor thing! thanks for sharing!,sad
sounds like you work for a terrible company,anxious
"wow that’s scary, she’s so young and healthy. i hate that.",anxious
should this be tagged nsfw for the knot?,confused
"you see benevolent, i see cynical and morally bankrupt.",neutral
i think i’m about to die from cringe overdose,lonely
i want my nuggs mom!,overwhelmed
the ~~cis~~ transphobes. not all cis people.,anxious
> its exactly the opposite of what i do to get a girl in the mood this is super creepy,angry
"i was expecting the surprise birthday, not seen this twist on the sister before.",sad
haha you have a cut on your face you must be the worst person who ever lived.,tired
i have no idea what that even means nor why you're being such a massive prick,stressed
i thought it was 'you are only willing to help yourself'. i could be wrong though.,happy
i do that too. i just feel oddly uncomfortable when i'm doing a task and there's no noise in the background.,lonely
im surprised those ebrats who tried to steal your step daughter's board didn't complain to the mom about it.,confused
nothing. i am much happier off all meds. been off of meds for 2 years.,happy
"true, my bad.",tired
i'm unsure how much more i should invest in this train of thought.,confused
i couldn’t agree more! i think deep down all i wish for is some weird validation from women,stressed
"my dosage was increased 2 weeks ago and i've noticed the issues getting worse. with your comment, i'm really leaning towards them being side effects.",anxious
i certainly got what i asked for. thanks. di mixups are so cool.,happy
hey fuck-o i've broken plenty of rules i just have the decency to be ashamed of it.,stressed
it’s a sensitive topic and she probably took it as if smelling bad lol. i’d just avoid saying that,angry
fucking refs suck my balls.,angry
nah. been over it pretty much since [name] said the vikings did it too. pretty hard to be mad when we were just as guilty.,tired
"sorry, i should have clarified that i meant when they determine your eligibility/payments in regards to the repayment assistance program.",tired
that explains quite a bit.,neutral
he must hate that gym as much as everyone else does.,angry
come on human let me in it’s cold outside and i want to play.,neutral
will the full squads (+subs) be announced before the league starts? curious as to who teams put down as their subs,confused
i understand it but still can't ask questions. i am too afraid,anxious
i was killed by him i didn’t actually run. by the time he got back he wasn’t there,lonely
it's funny when a whole sub rejects any new information which doesn't fit their narrative.,stressed
epiploic appendagitis. although it’s almost certain that you’ll have to affirm that you aren’t talking about appendicitis.,stressed
"sorry, mom took it out of the oven already and i am starving!",tired
bit of a clickbait title. he said it's normal for a big club to sack a manager that's lost a lot of points.,sad
"whats the [name] story ? sorry, not up to date on the bloke",tired
wtf i hate [name] now,angry
"if you’ve never been to dsa you’d be surprised by how many amazing, smart people you’ll meet.",happy
i wanna say they beat the rams twice that year.,overwhelmed
"i'm sorry that america funded a coup, but i get to have my medicare. - aoc",tired
never happened to me. seems it would feel weird.,sad
sorry man. i didn’t know you were on reddit. didn’t mean to steal your stuff! i totally would have tagged you,tired
"oh, it’s you again. here:",confused
"i will not be preposition shamed. but yeah, you're right",stressed
if you all keep nagging me with this question i will turn this car around and then *no one’s* getting to watch the trailer.,anxious
"[name] is great, i love [name] content as well.",happy
"it’s good to see that all the [name] are relatively old, meaning they will all eventually die out.",lonely
"oh my [name], this is an absolute lie.",stressed
it's interesting that they don't know to take the handset off the hook before dialing.,sad
i'm getting politically charged rhetoric from a cola company now?,confused
"oh look, it's wr2! *proceeds to get fucked*",angry
i dont know why but they really like to throw charged heavies when you block everything they have.,tired
> pokemon go continues to be an excellent substitute is it really though? i mean does skorupi actually care about your needs?,sad
> wolf hall sounds interesting ! you've inadvertently led me down a rabbit hole of historical wikipedia pages now...,stressed
i am embarrassed to admit that i was shocked to find out that his books all had the same exact weight and that you knew what that weight was...,stressed
"""assault weapons""",neutral
"i don’t currently have a cool [name], but my two best work girlfriends are *both* married to [name], so.",sad
same - i feel like i stim a lot more - but i'm much more comfortable and less self-conscious about it.,overwhelmed
i hope [name] likes my thanos costume though.,overwhelmed
y i k e s,tired
"*""wow""*",happy
think they fly in tonight or tomorrow?,confused
"if you still have fish or plants, i would love to take them. unfortunately i don’t have space for another tank",sad
your an idiot and trying to justify your ignorance.,sad
yes please. what's that @ ?,happy
really sad how often people don't go into the closest lane first and then change lanes when safe to do so.,sad
"as a 29 year old newly married man, i still do some cringey stuff from time to time.",anxious
beverly hills. they did a whole season about underwear. i can't imagine why anyone would pick jersey in this current phase of [name] domination.,stressed
you have been banned from the mickey mouse clubhouse for inappropriate behavior,stressed
i wish my nickname was [name],overwhelmed
grow up.,happy
sorry for your losses. keep up the awesome work. your son will remember your efforts and hopefully be part of your life soon,lonely
man i really need to get back into this show,overwhelmed
140k can dollar worth not 140k btc. sorry i did not understood your original question,angry
you are correct. i was mistaken. my apologies. i appreciate the correction.,tired
this gets much worse on the 2nd loop.,angry
"""oh.... alright"" [name]",happy
"any agreement we will come to will be exploitive because of the power differential, apparently.",angry
"sorry i forgot a word! i added it back in, thanks for letting me know",stressed
this happened to me too. also how i found out my cpa is an exmo.,lonely
noo hes so angry,angry
i am embarrassed to admit that i was shocked to find out that his books all had the same exact weight and that you knew what that weight was...,stressed
"""altcoin propaganda scammer"", interesting reason for your ban -- i suppose ln could be considered an altcoin.",neutral
so you're saying my man was murdered...,lonely
oh my gosh. this woman who died also had a son who died. holy tragedy,lonely
"smh. can y’all stop being so hot? for real though congrats, you two look so happy together!",happy
my god she is desperate for a do-over baby. what a shrew.,neutral
"he is looking for the one that is leaking information, he doesn't want to throw anyone under the bus on purpose",overwhelmed
[name] that is frightening...,anxious
"um, excuse me? i'm a *rolling* rabbit hole, thank you",tired
to me it seems more that you played yourself,overwhelmed
the “targets” so far has been guilty.,tired
[name] has a heart attack,neutral
"no phone, can't help....sorry?",tired
sounds painful man,sad
"i personally believe [name] is asexual, other characters in simillar situations all get hints toward homosexuality but i can't remember any for [name].",tired
i got that feeling as well. hoping he retires a jet. we are the one org that embraced him. he was coaching sam every step.,stressed
"[name] is a murderer,a psychopath and he wants just to kill him",lonely
"warning to all new comers, you are likely to experience delayed onset muscle sadness.",lonely
look we are starving but we still have some honor. we don't need any help from your people. especially not 50 cents a day,anxious
"thanks for the info, i was thinking the same.",happy
"they do not get thesame training and they take separate boards where they only compete against oher dos, check your facts",neutral
the only time petty revenge backfired lol at least from what i understood unless i missed something,confused
that’s horrible. what country? if you don’t mind. my [name] was abused by her heavily religious (pentecostal) father.,anxious
"sorry, i just got to give you an extra upvote for 'twat waffle'. it really sums it up marvellously.",tired
you don't have a confession then?,confused
your friend should be disowned by their family,overwhelmed
despite how much the liberals and ndp apparently hate each other they really do work well together.,anxious
let's keep it going! make the rest of the team win it boys!,overwhelmed
i forget it all the time too.,stressed
sorry !! you’re real good at that!!,stressed
i wanna know about the sky being lcd! you ever hear the one about the [name] faking the return of [name]?,overwhelmed
you're back but you're still broken.,lonely
holy shit i’m stupid,angry
"didn’t know if you knew, so i was just trying to give context to your statement. sorry.",tired
guice was a fuckin monster.,angry
i like the office but this seems a bit weird.,stressed
**who would win:** a team of 10+ moderators with libertarian principals or one person with a python programming environment?,confused
my one regret is not making an account sooner. i lurked for a long time because i felt like i didn't have anything worth saying.,anxious
"a site was the good site on old cobble, so they changed it and left the awkward b site alone. thanks volvo",stressed
"too long, you gotta cut along the top of the cargo pockets.",neutral
nobody has been banned lol,happy
f i had one for a few years. good times.,happy
i swear these people would try to sell shoes to someone without feet.,happy
i was hoping this would be a case of r/maliciouscompliance it was close.,stressed
so sorry to hear that matey. what a good dog. give him lots of pets.,tired
someone had posted the last known addresses here yesterday. i'll have to go and find it.,neutral
"if he ended up with that chef, damn that will break my heart for sure.",sad
our performance was an embarrassment and should never have happened. it's a bottom of the league style performance against top.,stressed
i tell them my wife died in a car accident 10 years ago and i couldn’t fall in love again. i’ve never been married.,lonely
"amendments are allowed on monday to mays deal, i'd be amazed if no one kills her deal",confused
"don't know if natty like that physique though, it looks attainable..",happy
i just found my new flair. thanks [name].,happy
this one wishes he was still frozen in the refrigerator.,overwhelmed
i’m sorry but [name] has better memes,sad
"did no one notice that it mentions maryland in the title text, but goes on to talk about massachusetts in the body text?",confused
"but they still go around the houses, 111 is long as fuck though.",angry
"those pictures of [name] are real, he's on crashing and the way he looked in the premiere was just awful.",anxious
i'm so sorry for your loss. one of my favourite unisex names is [name].,tired
i cannot believe the fucking audacity of him. have some shame for [name] sake.,sad
ok maybe i should watch tangled,overwhelmed
especially mean! i’m with you. i like the funny posts but people use social media as an excuse to just be horrible people,angry
it definitely revealed how ugly the hatred on the left has gotten.,angry
"no problem people repost and don’t credit, so it’s a necessary evil thanks for the feedback",happy
that’s scary,anxious
"just borrow against your 401k, it would be stupid not to. unless you plan to retire in hell.",angry
about as serious as my plans to marry a porn star and retire to the bahamas.,overwhelmed
"yeah, you can see the ball changing direction",neutral
their is a differences between losing and being embarrassed,stressed
that's when you slow down and engage troll mode :)),neutral
the attempt was successful. he's crying and not talking to them because they're actually dead.,lonely
ugh i know it's wishful thinking but i'm praying to mayor [name] for a dc gov closure,overwhelmed
my seven year old usually wants to change behind closed doors and her decision is respected,overwhelmed
it really does. great point,happy
it’s more important to document it for karma.,confused
yes! and the one who embarrasses you by dancing and singing in the car while she's driving you and your friends home.,stressed
wow...mean [name] passed away today. rip,lonely
"she'll ask them a question, interrupt them to say that something else is coming up and then talk about something irrelevant. she is all over the place.",angry
oh ok sorry,tired
"i’m sure you’ve been accosted many times by the cops, or as i call them “[name] fash squad” !!!",stressed
how it feels*,neutral
"i’m sorry :(. lol. for me, after the ending of 3, and andromeda, i have zero interest in me.",tired
"also in response to /u/hyunl. there was. among other things such as vocally wanting rape to be legalized, ""breeding"" farms, among other things.",neutral
"they want to live like ordinary [name] and the superior suburban mainstream way of life, not like a bunch of downtown elitists.",overwhelmed
yeah so i got kicked from a group chat for gnoming people*,stressed
"itll be okay mountain friend, just accept it",neutral
or perhaps we should look at the bigger problem: mental healthcare in the united states.,sad
but your comparing [name] to harden and curry. that’s how you know simply comparing 3 pt % doesn’t tell you the full story.,neutral
i was forced into college and i wasted my gpa :(,sad
this isn’t really new... or at least isn’t a new idea. has it just now been shown in research?,sad
yeh it’s pretty obvious how i misread it bc ... i misread it. i didn’t downvote you.,stressed
that’s good to hear..i’m so worried i’ll be making the wrong choice by leaving my job i hate soon.,anxious
[name] steals the game! (and the puck for bouncing off of detroit players),anxious
"i'm not surprised at all considering, you know, buzzfeed",confused
the “targets” so far has been guilty.,stressed
wow!!!,confused
please point out my fallacious line of reasoning instead of insulting my intelligence. you are an example of a bigot that thinks he is wiser than everyone else.,stressed
we all are afraid of losing our jobs here or being blackballed all the same.,anxious
ok dude!,happy
i thought you were making a joke about ai not taking over while asking a bot to remind you ;),confused
[name] i almost couldn't finish reading this because it is me to a t.,confused
"yeah, a 'bungle' given how scummy restaurant brands has been known to be.",stressed
pretty poor shots mostly. couple of great saves from [name] though.,sad
this girl looks strong!! i want her to be my goddess and i will please her on command!,happy
good for you. but ignoring [name] situation makes the article pointless.,sad
i can't believe people actually pay for these. 😩,stressed
thanks for posting that. i’d thought that i had seen all the rice footage in existence. good stuff.,confused
i hate to be the bearer of bad news but she is more than likely dead and will never get to say goodbye,angry
it'll definitely show our hand which means we will have to pay up to trade up high enough that we are sure we get haskins.,neutral
i hope that's a bug because it looks downright embarrassingly bad,stressed
"i'll never understand how people make so many typos in posts that are meant to convey a serious, thoughtful message.",confused
"true, it’s not like she’s the last girl on earth or something haha",neutral
you can't just make bold claims like that and provide no evidence.,angry
is this in new orleans?? i really feel like this is new orleans.,neutral
"that's a very smart move. anyway, congrats gamer girl, this is epic!",happy
is there a source link? id like to put it as my screen saver :),overwhelmed
no i’m just following your logic. to avoid pain people should die. life is pain so people in pain should die. it’s your exact logic,lonely
sorry then?,neutral
he's eating cheese and watching football in the sky now. rest in peace!,sad
i am so sorry to hear about your wife’s tragic injury.,anxious
i watched a really bad horror movie she starred in but i think it predated vpr.,anxious
"wow, that's incredible. i love the 4 quadrants idea! but the name of the business is so misleading...",happy
as far as i can tell that's not real. no announcement yet and people on twitter saying it's false,neutral
oh my [name] i completely didn’t realise. i’m so sorry,tired
it’s objectively a lie. prove me wrong,neutral
i had a similar fear last month after exceeding the two hours in a homebase car park.,lonely
"idk about that, but if you were being genuine i apologize. i just don't think that is the case in this situation.",tired
"i remember being so excited when we got aaa back, even though it cost us fournier...man, that sure went south. #thanksshaw",confused
"sheet cake did *nothing* to you, man",happy
middle school. puberty was rough for most of us. i was a victim and a perpetrator of a lot of stupid behavior in middle school.,tired
when she gives you the 10 minute hangry warning,anxious
i’m sorry to hear this. live a hell of a life for your mate,tired
"oh well, very nice then :)",happy
"yeah probably should've chosen a better sub, but i couldn't think of one",tired
you're right! what a nightmare.,anxious
wow you’re pathetic for calling out someone who did something right,stressed
they really aren’t people. they were slavers. civilized people should have only one answer to that sort of behaviour: violence and death.,lonely
what’s the reference matter if it’s still insulting? glad your degree is coming in handy for something.,stressed
whoops! my mistake,stressed
i'm glad you're doing a bit better. sorry about your grandma. good luck.,lonely
i wish i could get the entire interview but it's from a siriusxm radio show,overwhelmed
i’m not an aub man. check the flair.,angry
that took me a moment. i am ashamed and will now go commit sudoku.,stressed
it would be terrible if he died and they put his head in a jar or something,lonely
"man, i remember when we were utter pish. those were not happy memories.",sad
this gave me ultimate anxiety,anxious
scat will never be my thing. or vomit.,neutral
idk you seem pretty miserable and really bitter and angry. it must be exhausting and i hope you find happiness some day.,confused
old ladies are like the only ppl that are nice to me lmao. kindered spirits with the ugly.,happy
the concern is that there is a very high likelihood of his health deteriorating in one way or another before he can complete two full terms.,lonely
my condolences.,lonely
even down syndrome is a spectrum of severity. i've met several adults with ds who are more than capable of relationships and employment,angry
in my eyes 6 la liga’s in a span of 18 years is just embarrassing,stressed
my god the tension on the button... i can only imagine.😥,anxious
i love that you have such a great relationship with your brother. your parents seem pretty great too; if a bit exasperated by you in particular : ),happy
huh.. well that ruins it :/ at least the cats fine,sad
"doesn't count shield damage, maybe you also need a bit of healing on allies... so either go supports or khan/moji",tired
yeah dude it is like a fertile egg - attacked by millions of sperm and only 1 gets to fertilize it. the other ones just die,neutral
test levels have been dropping significantly it’s well documented why do you think that’s stupid,angry
yeah but being happy at other misfortune is sowing bad karma for yourself.,happy
and why didn’t connecticut improve as well?,overwhelmed
my condolences. lost my cat zoey over a year ago. i still miss her like crazy. she was only 3 years old too.,lonely
okay this is racist fear mongering. i got it now thanks.,anxious
"says millennials are afraid of hard work, dismisses the hard work required to get a fit body.",anxious
the embassy staff has already been expelled from the country by my understanding.,stressed
please post in the stickied thread. (rule 3).,overwhelmed
>it should be **illegal** to teach **religion** to young children do you believe in a separation of church in state though?,neutral
you're implying it by equating occasional defections to every single republican voting against net neutrality,neutral
thank u for bein a friend,happy
i wanna see [name] get in [name] face like this,overwhelmed
by the end i was i hysterics. not a single reply from the wife too.,lonely
bought the book by [name]. my weekend is set!,neutral
i only eat other people's babies.,neutral
"that's awful. if i were a celebrity, i would probably do the same.",happy
"[name] is not our biggest need. [name] would be a waste for us. [name] is a maybe to me, but [name] could be beastly.",happy
"there's a correlation between how corrupt a country is and how corrupt it is perceived. edit: doi:10.1023/a:1013882225402, if you can't acces, scihub still exist.",neutral
"i love how you only see these types of comments on japanese games, brings out the inner weep.",lonely
i'm convinced you're a fake account. you're too reasonable for /r/chicago ;),neutral
i’ve thrown up,lonely
you’re welcome,happy
there’s this which is terrifying to think about,anxious
wall st is scared of the 2020 democratic primary.. good!,anxious
i never feel a connection or when i do i push them away.,angry
i read on a different post that he died shortly after of internal injuries.,lonely
i asked at the bodies reveled show if they used prisoner bodies.. i got an awkward no.,stressed
i take it they want to have sex with 🐇s.,overwhelmed
it's just an inside job to wreck his stats so we can lower the aav on his 8-year contract extension after he wins back-to-back vezinas,neutral
yeah its that scream guy you always see in that painting. he also played bass for [name].,happy
"4 lives essentially, its insane",stressed
"can i comment on the lost opportunity/remarkable restraint by [name] to not have a ""mlk i have a dream mattress sale""",confused
i'm sorry for your loss,tired
i’m broke as shit and already do that.,sad
"reminds of something beautiful [name] said in an interview once ""i fall in love with myself. and i want someone to share me with me.""",confused
"wait you confuse me , [name] orb can be deflected , unsure on the healing one tho [name] dash cd is 7 second not 11",confused
did not expect it to work with a body on it..,sad
i want [name] and [name] in top 3 so i’m feeling the omens girl,overwhelmed
sorry for all the questions i just find aspd to be a fascinating disorder. i have bpd so to me not having emotions sounds like a dream.,tired
stop attacking me,anxious
what did i miss?,neutral
why did i get a boner reading this? that magnesium supplement is doing its job methinks,confused
tomorrow [name] tweets “see! i told you [name] took responsibility! no shutdown! no collusion! bad! sad!,happy
oh certainly this winter has been mild. it just started taking a dump on us the last week or so,confused
"if you are really so dead set against shoveling sidewalks, perhaps you should move to a warmer climate.",lonely
jimmy carter 2020,neutral
he rambles like a lunatic and she focuses on being called “not beautiful” of all things. lol uh oh i hear the downvote train a-comin’!,anxious
that is not a side swipe. that's a full on t-bone. but i hope they all made it through somehow.,overwhelmed
"i'll admit. i wanted to be upset because i don't identify as a feminist, but also that dress is super cute omg you are very talented",sad
my dog died on new year’s day and i wish i could have give her one more treat. she just seized up and died :(,lonely
"really wish people would slow down with this one. i wanna repost it for ez karma, but it's almost always in my homepage",overwhelmed
natural or not monopolies aren't good.,angry
wasnt meant to be rude at all.. more like that everything is going to be alright soon,sad
you were at a casino. sounds like you won.,confused
"super weird question. not really commenting either way, just so weird the life we have created for modern humans.",stressed
it's not cool that so many are going without pay and unable to make rent or buy groceries. is a travesty that a manufactured crisis has come to this,sad
one counter example is enough to falsify a claim. it does not matter how many examples there are which agree with the claim.,neutral
"the day i get the phone call: ""your nmom/ndad/nbrother have passed away."" ""fuuuuuuuuuuucking ***finally***""",happy
i remember them looking very happy. i loved that they were there and seemed very happy about what was happening.,confused
she's passed away.,lonely
i've been watching too much my 600lb life...i instantly hear dr. [name],tired
i was hoping they both were gonna hit the ground lol,happy
"but atacking it over and over again is considered griefing, you wanted to shoot fishes in a barrel over and over and got caught.",angry
the school should make a list of sexual assaulters. the boys who engage in this should be shamed publicly.,stressed
i feel like it's the 90s when everybody wanted to make a record label,overwhelmed
option 1. if i'm ever stranded somewhere the only i'll need to worry about is finding fresh water.,tired
we should sign him to a 4.5aav contract now that he has already proved himself as an elite starter in the nhl.,overwhelmed
"sorry i've already peaked male. i don't peak twice. but good try. i r8 8/8, m8.",tired
"thanks, metropolitan looks legit according to google searches.",happy
if someone calls i will text them and say i can't talk right now. no matter what i'm doing.,neutral
"yeah i regret ever moving to leduc. it's one of the most backwoods, proud-to-be-ignorant communities i've ever seen.",tired
just made it! ‘03! stop grouping me in with the tide pod generation!,tired
there was no point. this is also the answer for many other choices that have been made in the sequels,neutral
"clg, because i love biofrost. especially against [name]. they really are still friends",neutral
[name] wept.,lonely
hey /r/hockey bro! sorry about the sens. at least this made you smile in the dark times.,tired
"definitely, i'd do that. the league pass deal isn't awful though.",happy
that’s nightmare fuel right there,anxious
"oh that leg. like, she needs to get that looked at!! asap!",confused
bless your heart. mine hit me at thanksgiving. i’m so sorry.,tired
"sorry, i was misinformed. my apologies, brother in [name].",tired
"sorry man, i have no idea either!",stressed
"i used it for a while. it made me way more sociable and generally happier, optimistic less anxious and stuck up until it didnt, so enjoy it while it lasts",confused
i totally have second-hand embarrassment for my parents. it's equally bad when they misspell something in their email address (i.e: posion instead of poison) 🙄,stressed
"why would the landlord pay it if electric isnt included. sorry to op, need to cut the heat down",tired
what a catastrophe.,sad
my dad wears that sweater every game day! it’s in much worse condition however,angry
"just found my new phone background. this is amazing, keep it up!",happy
i'm seeing the error using chrome both on macos desktop and android. i'm glad it seems to just be me though. apologies for the snarkiness.,tired
satire satire satire satire please o lod almight plez be satire,overwhelmed
"for me, i didn't take pause because i never considered it. :-/",tired
gah sad high five. i tried once for a few weeks and will never try again. i need that support in my life.,overwhelmed
the dnc effectively *was* lead by [name]... that was the problem.,sad
nah it's a sexual disorder due to brain structure not aligning with body structure but continue to be an ignorant transphobe i guess.,lonely
any chance you have a bank account information you want to share?,overwhelmed
"sure, doesn't change it being overwrought nonsense though.",anxious
"nope, this is just older people not understanding how teens actually communicate",stressed
"sorry, didn't realise i had to mollycoddle your feefees.",tired
lol i wish,overwhelmed
seriously what?,confused
my friend with bpd has just done this very thing when i moved down to their city. have become a total stranger.,sad
i wanna see a video proving it's fake though,overwhelmed
"well, that took a left turn. sorry, you're not going to go viral, boss babe.",stressed
i was wrong so i'm just going to pretend i don't care.,tired
and no rails because we have a reasonably logic scense. and we cant sue nobody for our own dumb mistakes.,angry
we know blocking [name] was [name] choice because he said it was.,happy
i’m desperate for it. i once got to lie in bed with a girl friend a couple times. that was cool. but we barely touched.,anxious
she's out on the town getting banged like a screen door in a storm. you might as well have the talk.,neutral
remindme! 1 day,neutral
i'm more worried about it randomly saying daddy across the top ... like that's normal,stressed
"*concussion* *trophy system kills it* *another concussion* *trophy system kills it* ""yo guys watch me throw this cluster"" honestly embarrassing",stressed
this is exactly why i fantasize about carrying a glass emergency hammer. this is also exactly why i shouldn’t!,confused
"oh sorry. instead of “willfully stupid “ i meant, why do you hate america?",tired
but people already know i'm weird.,angry
if nothing was said and you can be engaged all day tomorrow then i wouldn’t worry.,anxious
whiskey isn't going to help. she should pray to [name] that another man comes and brings purpose to her life.,sad
i didn't knew your toe can get that flat without breaking the nail in thousand of pieces,confused
i didnt realize belgium was behind on climate change.,confused
i apologised an very long time ago as i was wrong at this point you are beating a dead horse,tired
thats insane. someone died like 2 years ago after a bolt got kicked up by a truck and went through his windshield and hit him on 146 in laporte,lonely
"so i heard. how is she, haven't seen her in a while.",confused
i want 10 - 0. this organization deserves the embarrassment.,stressed
oh this poor sap,sad
i’m sorry i only have orange ones :(,tired
people are looking at me wondering why i'm laughing at work.,happy
joint bank account?,confused
gotta get out on [name],angry
"i’m sorry men, i have failed you. my rigidity was no match for the flaccid effort our boys showed tonight",tired
i meant one sided comment. my bad,sad
i bet if anyone else had his condition without being a veteran would have served some sort of punishment.,stressed
"dammit, you know i proof read this and i thought it changed correctly but i guess it didn't.",confused
"nah, [name] literally shit his pants in the playoffs. he had to go to the washroom to decompress during a fucking playoff game lmao",stressed
"sadly, the military is archaic about non-conforming relationships. :/ i wish more of these decals existed.",overwhelmed
growing soybean on the moon is really going to piss off the trade war neckbeards.,stressed
i'm not going to photoshop that even as a joke because i know someone will find it out of context and take it seriously.,angry
"""you may die, but it's a sacrifice i'm willing to make""",overwhelmed
you guys got hate in your heart,sad
i wish i could too.,overwhelmed
even more so. it would only make our prison (this world) even more diabolical.,anxious
i wish i hada dog who is as good of a boy as him,overwhelmed
this lady argued with me for wanting a 0 guard on the side for my fade. walked out.,stressed
"this is beautiful !!! my poor baby tho, why is she crying ??? ;((",confused
the classic artifact player response to criticism: you just dont understand it loool,neutral
i bring great shame on my family with my poops. if only i had the will of dear god emperor [name] to halt my poops indefinitely like is able.,stressed
"woah, woah, woah. you're trying to tell me that elites have a stranglehold in a country with an *actual* aristocracy?!",confused
**ask permission** from me and i will tell them yes or no.,confused
"hi, [name]! i am stopping by to wish you the best day, and the best year! -happyfriendlybot",happy
now i need an island visit and a nice beef dip from the crown and gate!,overwhelmed
oh shit right. i forgot about that wonderfully horrible fact haha.,stressed
was expecting a horrifically broken ankle. you have posted the actually unexpected,anxious
very sorry for your loss.,lonely
"im sorry but i dont get the joke, can someone explain it to me?",stressed
"i'm irritated by the upside down ""anti crease"" bit more than anything.",angry
"you know what you’re right, not with risking my cc info. good thing i was too lazy to do it right away.",confused
anti-vaxxers should have a convention where they can die out afterwards,neutral
"done, sorry about missing that before.",tired
"edgey poke, but no thanks.",angry
"""can i speak to the suns' manager?""",confused
fact: 2:28 i'll never ger back.,sad
this is not a comedy subreddit. it is a subreddit about the unexpected.,angry
"it's back up now. sorry for the mess with moderation, wasn't our fault.",tired
the whole thing is poetry. that finish is magic. nose to the mit. love this !,happy
posting someone elses camp on reddit? really? haha.,confused
"didn’t mean to offend, sorry if i did. i’m a firm believer in less glass( phones) and more flesh/blood.",stressed
ok i love [name] for making [name] fist bump 3 times. he was so awkward with that haha.,stressed
this shit ain't rocket science gatekeeper,sad
this is as subtle as the 2nd choice is the mp telling you to go and fuck yourself.,angry
"i was once married and now i live alone. some weekends, i don’t speak to anyone and don’t go out. pure heaven.",stressed
they did and he is going to be extremely difficult to feel much empathy for him.,neutral
sounds dreadful.,sad
wish a cute girl would stare at me.,overwhelmed
it would bother me so much to be so dependet from a person. i am sure there is a way you can go without a person sponsoring you.,neutral
i did misread i saw 23-27,stressed
this is terrifying,anxious
i’m scared.,anxious
"this is what i assumed, but i haven't seen any confirmation of this anywhere.",anxious
[name] should worry you.,neutral
i’m so nervous!,anxious
i’m sorry. happy birthday! i care ❤️,tired
i sense a cup hangover for the caps,confused
that’s a... tough decision. that dog better be able to talk.,lonely
"wish more people shared your thoughts, it will make the world a better place.",overwhelmed
i (26sm) love women with rings. it is such a turn on knowing that she is married.,lonely
"if an ai projectile is your biggest problem you've got bigger issues, next.",anxious
you're not really pissing anyone off. mostly we just pity you.,lonely
all sound advice. i still hate the ult when it kills me by a small hair.,lonely
some rambling paragraphs about what a waste i am and how sorry i am to be a disappointment to those around me and that sort.,lonely
my biggest fear is catching feelings. i got dangerously close once lol. it’s just about self control.,anxious
i personally think it should be illegal to let unsecured people ride in the back of your bakkie. that section should only be for goods.,anxious
this hit way too close to home. i’m suing for emotional damage.,sad
can’t believe a club paid $550k for sandow that’s absurd.,angry
**let’s go hawks!!!**,neutral
"yep, i guess this is a no-go for me. thanks!",confused
"> so i would never say that to someone *to* someone, or *about* someone?",confused
enjoy your karma,lonely
"can someone tell me the difference? sorry, please don't get mad at me...",tired
america is pretty much the least class-conscious country in the world so it shouldnt be a surprise. everyone thinks that one day theyll be management so its cool,neutral
thought i was the only one who noticed that ....,overwhelmed
i have started my 30 day vacation and i plan on relaxing the whole 30. please do not make plans for me. discuss them first with me.,overwhelmed
i wanna die,lonely
"yeah it isn't the same singer. 'don't hug me i'm scared' is voiced by [name], the lead singer of kkb is [name]",anxious
"i want an autographed copy of this, framed and on my wall.",overwhelmed
holy shit! did not see that coming! gonna miss you [name] :(,sad
any man who won’t fight for his kids isn’t worth your time.,angry
may you find and skin the perpetrator. my apologies to your family. ❤,lonely
what did you use to kill them all? sorry i’m kinda a noob,tired
i read on a different post that he died shortly after of internal injuries.,lonely
don't do that i think its dangerous,anxious
fucking parking in the middle of the street through the entire strip of allegheny,angry
this guy has some massive self control after the fact. i felt like getting back and punching that croc.,neutral
it seems you've never played hots.,angry
my father has been dead for two years and it's still been difficult to not talk about him as if he's still alive.,lonely
this is in vaucluse ?,confused
"how does that mean his brain is in my mouth, even when i used to work with a shotgun...",neutral
how this post is still up??🤔🤔,confused
"obviously a degree in veterinary medicine, in case mr [name] has the sniffles",lonely
oh jeez i missed that :(,tired
can't remember how many times i died there. death is easy if you keep spamming holy water in the corner,lonely
i had a total of 5 pet chickens. no way i could've ever eaten any of them. glad that gfather confirmed that banana chip was buried.,neutral
oh dear.,confused
i don't really feel comfortable posting there. i dont really have much reason to,stressed
damn! you were so close! scary. damn damn!,anxious
for a moment i got scared and wondered what was this doing here then i read the happy ending,anxious
flappy boi doin a heckin scare,anxious
i feel like i should cop a bass to fill the void. drummers seem the hardest to find these days.,tired
i need to hear more stories like this. i've only heard horror stories of the pain with the surgery as an adult.,anxious
"then, why include any indication of gender or sex at all?",confused
i give 90 percent odds that [name] will be reelected. and i think it will be at a much higher margin than 2016.,confused
are you really that brain dead.....idiot!!!,angry
>concern trolling from the_donald user with triggered in name weak bait try again,angry
happy cake day and happy birthday! i'm sorry your friend bailed on you.,tired
i felt my heart drop. [name].,anxious
"[name]. gun crimes are pretty much unheard of on that side of the pond, isn't it? rip.",lonely
i think they're fine people but i don't want to date one again because it's just a pain re:eating.,confused
i also relate (and regret),lonely
that might have been a pickup attempt. it was a golden opportunity for a line,neutral
sounds painful man,sad
orange fan sad. :(,sad
grown man bars is still one of my favourite moments in all of battle rap.,happy
i regret this post so hard so much debate and anger lol,lonely
it sounds spasticated.,angry
the father clearly ran away lol,neutral
typically the speeches come from a functional adult. the idiot is an unindicted co-conspirator with a visible personality disorder. feigning normalcy is part of what's wrong.,angry
i can’t believe i’m agreeing with [name].,confused
rainy weather must have gotten them... no idea. but i've never seen a dead hummingbird and saw 2 within 5 feet of each other :(,lonely
sorry ideologically yeah. i meant morally.,stressed
i can't imagine how scary that was for you. what is wrong with people?,lonely
"the co-worker thing is generally for the best,the rest i agree.",neutral
"my bad sorry, what i meant to say is ‘for our winning season’ not ‘in our’.",sad
well...... can only hope it works out in america’s best interest now,overwhelmed
oh he dead,lonely
this is one of the best things i’ve read on reddit cheers to your perseverance,happy
i want this cat,overwhelmed
the lucky ones died quick,lonely
i just want tk be a random scumbag,overwhelmed
"i appreciate your post, i’m just nervous is all, thank you",anxious
immigrant children dying in state camps? horrible. healthcare for the poor and eldery? also horrible! got it.,sad
are you only looking for someone to share? do you want someone else or are you just doing this so your partner might have someone?,neutral
i just spit out my drink if i had money i would gold you i’m dead r/jesuschristreddit,lonely
nah. been over it pretty much since [name] said the vikings did it too. pretty hard to be mad when we were just as guilty.,sad
"my parents died. i wish they were someplace warm that i could visit them with their grandchild, and they could visit too.",sad
me too he is my favorite killer to go up against [name] from nurse!,happy
i wouldn’t be mad. we need someone who knows what the hell theyre doing,overwhelmed
"i know that, but they wouldn't comment.",overwhelmed
i remember running into teachers at the grocery store or whatever when i was a little kid and having that same feeling!,sad
that tease tonight lowered my hopes,sad
i thought that type of camouflage failed horribly because the high contrast and defined shapes made the ships really stand out.,anxious
"if there was romanian news being covered, i'd want to hear from a romanian reporter... this is the worst take i've ever heard.",sad
come on how would gladiators let [name] go.,neutral
apologies for vertical view! bonus commentary from my mini me that loves this sub!,stressed
i feel ya man. stayed up to prestige and now i can’t sleep anyways.,tired
"to be fair, spinners are supposed to be very small pornstars, not bbw like trump.",overwhelmed
i feel uncomfortable how we didn’t see him resurface...,stressed
"> salt rifles. but then how will we kill the flies??? /s im sorry, i had to.",stressed
i saw one that us taking greedy william's at 6 with the jaga taking [name] at 7 lol. cllelin ferrel was at 4,confused
it would be really bad for relations between the two cities if we took memphis' nba team.,angry
"i unintentionally read this from right to left this time, probably because i recognized this meme and know that it normally is the wrong way. i fooled myself",stressed
oh [name] i unleashed the beast,sad
"not my opinion either, but the soundtrack is easily one of the best parts of the game. it’s incredible.",lonely
i dont think you guys understand it at all tbh.,lonely
"“why are you complaining, every team would’ve signed this guy”",angry
yo you guys look like the couple from that episode advertisement,happy
sadly this is not a new issue for ukraine. please take a moment to remember babi yar :(,sad
argh. the most stupid and needless abuse of power teachers do. some particularly stupid ones at least.,angry
i'm sure you do lmfao...,happy
i know they don’t want it. i just wish they did.,overwhelmed
"no, i was very interested in the game until this news broke. now i’m a little disappointed. but at least i can opt-out.",sad
yeah if you fall into a tree hole there’s almost no chance of getting yourself out.,anxious
you poor thing. i’m sorry that it’s going like that for you.,tired
we desperately need a veteran wr with so many rookies around. like a [name] for [name] and company.,overwhelmed
this stressed me out,anxious
"we were all duped? i’ve seen through her from day 1, even posted about how fake she is",angry
"sorry, spelling [name] smearing* motherfukers*",angry
i’m sorry. if it was me- go straight to divorce and file. why prolong the pain and abuse.,tired
oh i didn't even know there was a web novel,stressed
this is oddly fitting now you have to do dr2 and v3,stressed
if [name] got any more attention i'd really like it to be with [name].,overwhelmed
"warning to all new comers, you are likely to experience delayed onset muscle sadness.",anxious
hmm today i will listen to death and destruction,lonely
"[name], that is so horrible. i’m so sorry for you and op.",anxious
dude - just get the hell outta ca ! there's plenty of other states without the immigration problem rampant in frickin california...,confused
hey that's my weather give it back -- a north dakota redditor,overwhelmed
i wanna die,tired
i *demand* satisfaction,overwhelmed
because it shows that every other woman on earth has rejected him.,sad
you're ugly,angry
and she wouldn't give it to him. poor fellow.,stressed
"shit like this is just depressing. not surprising, but still depressing.",anxious
"so, when and how do we pull a lando and turn on vader?",neutral
"sorry, i was misinformed. my apologies, brother in [name].",stressed
[name] is instant offense when he comes in. dude is a spark plug out there every night.,neutral
the beauty of the horseshoe effect.,neutral
you having a bad day man?,confused
no one likes him enough to tell him he’s wearing women’s glasses,angry
"the best advice i have, which it seems most people completely overlook: have fun.",neutral
wouldn't you just enjoy more focus on celtic football?,confused
"i was once married and now i live alone. some weekends, i don’t speak to anyone and don’t go out. pure heaven.",anxious
problem is the people who don’t know the difference between a single solid yellow and a double solid yellow...,neutral
so wrong. most every denomination believes they are the only ones who are doing it right and everyone else is going to rot in hell.,lonely
i'm gonna guess other people in the texans org don't feel he deserves the credit you're giving him.,angry
"yeah, i probably should’ve gone ahead and looked that up beforehand. but the issue remains the same, even at that price.",confused
"sorry man, it’s gonna be really hard to find a rose jersey anywhere that isn’t a 3xl",tired
how does asperger feel like,confused
mmmmm.... love me some kapusta with some bacon bits,happy
i fucking wish,overwhelmed
sorry sorry sorry sorry sorry,tired
welcome! i'm a fellow intj-a female. was also lonely for a long time. :) it's great to feel home!,sad
i wish i had known this when my kitty ran off years ago. 😭,overwhelmed
i'm so sorry! i hope you are doing better!,tired
looks like one of mine too. such a horribly raised entitled rude brat,stressed
"*me doesn't make any sense if your anxiety is afraid of these things, since it would be scared and go away then.",angry
my score per minute is terrible because i only snipe so asking the wrong person. sorry dude,tired
hmm thank you. i am not good with words. can you please elaborate if there is any distinction?,sad
it's a shame that anyone has to deal with that sort of feeling. i'm sorry that you had a similar experience. no one deserves that.,tired
now you're lying. suburbs = more than bellevue and kirkland.,stressed
and now her mask is on. make up yer mind,happy
i would go to bed early and i would have nothing to do the 3-4 nights a week i play tennis lol,overwhelmed
the api is completely down.,neutral
i'm so sorry,tired
running a company will be the same disappointment. your problem is unsolved.,sad
it infuriates me how many layers of tape these things have sometimes.,angry
"everything is cool when no one gets hurt.. but as soon as something bad happens, we all scream idiots... why...?",anxious
"bro we got destroyed last time, we’re due for a heartbreaking missed field goal or extremely ill-timed turnover",sad
[name] lesnar. sorry [name],tired
you're so right. it's unbelievable how well generalizations work for this game.,neutral
is it fair to say she’s the most versatile makeup artist of all ru girls?,confused
let’s learn to love our neighbors like the [name] learned in rome,happy
i can answer this! it's alright. interesting little snippets that make me curious about the show for sure.,confused
"wow, the video is a lot worse than i thought. his actions after he asks for the age is very uncomfortable.",angry
"oops. i assumed, wrongly, that it was the same person.",lonely
cus the left doesn't give a shit about people who fought for the usa!,neutral
i don’t even try to make shots like this myself. so i gotta watch other people make them.,tired
"i see, unfortunately i don't think equity has ever turned out well in history. humans have tried many times and failed with catastrophic consequences.",sad
"i never thought this fatality fit him, unlike [name] or [name].",lonely
dang the charge heavy down from 60 is brutal. poor [name],lonely
omg i thought it said it aired the 7th. i feel dumb. ty.,neutral
"i can’t work, wish i could. worked hard my whole life and lost literally everything a few years ago. 20 years down the drain.",overwhelmed
i was expecting a kitty,overwhelmed
i hate these memes because [name] never cared if he did or didn't have a nose.,angry
what’d he say?,confused
"well i will get to your disagreements. however you maybe the last fifo worker that exists in alberta, however, don't take it for granted.",angry
he dribbles softly and loosely i dont understand why nobody has fixed it.,confused
violife and follow your heart i made a cheese board for my dairy loving family and they couldn’t believe it!,tired
"bro, too close to home. thing is i wish i could just chill where this monk is at, with a lot of open space.",overwhelmed
"""this droid has a bad motivator.""",sad
some reasonable seahawks fans credit him with [name] development.,neutral
9 to 4. that's pretty sorry.,neutral
i would think that i hope the wilpons die.,happy
so deport the bad guys and let the asylum seekers come in. sounds like we don’t need a wall anyway.,neutral
"depends, do you become so old and senile that you have dementia can’t walk and shit",angry
“it’s not happening right in front of me if i don’t look at it.”,angry
i didn't know this could happen.,confused
i've not- i'll have to put it on my watchlist.,overwhelmed
oh look a [name] flair why am i not surprised,neutral
i want to get off [name] wild ride,anxious
when has the alt-right ever been working class? its always the richest white guys who are horribly socially inept.,anxious
10 life hacks you didn't know you needed in your life,angry
[name] reaction is like she really wanted to say “thank god. now i have a reason to leave”,happy
i pray in the space i have inside my truck :),anxious
i have completely lost my voice this period. this has been an insane 11 minutes of play,neutral
"judging from your post history, it's not a hard assumption to make. edit: now to downvoting. [name] tier uberman playing 65d checkers with me",neutral
what were they mumbling at the end before the commercial break? that was weird.,stressed
are your feelings hurt?,sad
the second i had a coven free weekend i went into ranked. i already knew how the roles had worked because i watched skimms videos,neutral
yes. and i wish people weren't so afraid to say it as many times as necessary.,overwhelmed
damn i played that game almost daily for over 2 years. i loved domination mode. rip...,lonely
yeah i don’t know where you live. also smooth haha,angry
got damn you must have been doing zans for a min 😂,sad
better than that dumb pink look.,happy
"whoops, i'm* dying. but i wish, they make so much money.",tired
"i just hate the ""i don't know"" people",angry
"i have the same issue. except i'm a dude. talking about my face. one likes me scruffy, the other baby smoothe",angry
i'm so nervous!,anxious
props to the guy for being honest,happy
please leave this dude,neutral
odd to think that most people in this photo are either dead or just about into pension age.,lonely
ow my leg!,anxious
i had an anourism and got stage 4 terminal cancer from reading that so i reckon that means i need the tablet,lonely
"yeah i regret ever moving to leduc. it's one of the most backwoods, proud-to-be-ignorant communities i've ever seen.",tired
"that depends, some are only on low t doses with shit genetics while others are blasting tren with their break fast",stressed
>a water molecule spends around 600 years in lake superior. i guess it takes a while lol,happy
and how often do you hear about feminists fighting for these women’s rights? never. feminists are cowards.,angry
i was in awe the whole hour i spent in there.,anxious
so it’s somehow weird or different to make a child/student pick up their (there) own mess as part of the lesson?,stressed
sorry for having a working brain :3,tired
how was your day?,confused
"ah my apologies xir, did not mean to offend",tired
this post was xposted somewhere,neutral
that guy servers,neutral
"i know, right? what an embarrassment that local news would call that thing a ""tractor"".",stressed
i wanna die!,sad
"/r/nbastreams is now posting home/away on their feeds, super easy to use.",happy
i love flying out of midway because i feel like i have never waited more than 10 minutes for security. i love the lines at midway.,happy
i agree. but shooting him left me feeling bad too.,tired
"that has to be an understatement, i know several myself",sad
everyone wants bama! i repeat everyone wants bama!,overwhelmed
he would die,lonely
i’m sorry for your loss op,tired
can we just go down there and propose a bill? die the constitution not allow that? an if were not allowed doesnt that count as non representation?,confused
still won the race though ha who’s a failure now,lonely
">""le painting""??? what hell is that? - [name], 2019",angry
fan votes shouldn't count for that much. we've proven we are idiots.,lonely
this shit ain't rocket science gatekeeper,neutral
"oh, it's definitely working and that worries me a lot.",anxious
that's your justification? you're a terrible person. correction: you're a terrible child. get some help.,anxious
so sorry that happened to you. let’s hope that person has some food they didn’t order tonight.,tired
state of [name] trying to be funny and spelling ‘lose’ wrong,neutral
"no telling i know is not eat it, i like eggs and i like cottage cheese but yuck no they can’t touch!",lonely
"the last super bowl champion your dad saw was the new york football giants. take solace in that. sorry for your loss, friend.",lonely
"this may be overreacting, but i would not touch those presents. there could be a bomb in them.",anxious
get that hole ready for some bricks.,neutral
"if you somehow survive that you go into the turbines, correct?",confused
"the sunshine skyway bridge? i'm near that, too, and have also thought about doing that.",overwhelmed
"hey man, i was just answering the question.",neutral
yeah certainly shouldn't feel this way but i do now :/,tired
"i do feel sorry for the squirrel, but i wouldn't say the dog is a jerk for acting on natural instinct.",tired
back in my day the only bars you could find were real ones👴,confused
"wait, isn't everyone nervous or scared the first time they hold a newborn?",anxious
"you better go to a church tomorrow and repent..also, tell the pastor what happened. i am serious.",neutral
"dangerously close to paganophile, so be careful of your spelling for fear of extreme confusion...",anxious
when you can't hold in years of emotional trauma anymore,lonely
"i live next door to this, and i was up late.... how did i not hear this?",neutral
post it! im dying to know what she looks like “normal”,angry
oh man that title hurt my brain.,sad
half our nato partners have banned them or are in the process of doing so. i am confident we will do the right thing.,happy
sorry i kind of took it like you were flexing on my or my opponents skill or something lmao,tired
i want to end it all.,overwhelmed
if it’s like my store it might change. i have to check my schedule every other day because of changes,confused
yeah that look points to body dysmorphia to me,stressed
"it actually depends. do you have pcos? because if you do, then that would explain the change as well.",confused
oh no he didn't!,tired
if she's in the habit of not looking she may have done this before.,confused
i said first world :),neutral
i can just do it with my eyes open. is that weird? it kind of hurts.,anxious
more worried about the multi-trillion dollars in entitlement programs than 5$ on a wall.,anxious
he died 4 days later of dehydration,lonely
large weight fluctuations + a baby have caused my body to look cute in clothes -- not so cute without them.,stressed
"yeah, so many accidents occur because people don’t know what to do in the event of loss of tire grip.",anxious
benzos stop working after a few weeks because they’re very addictive and tolerance grows quickly. i use them occasionally but never more than twice a week.,stressed
"yes and quite alot of reasons building up. me, people, past. i hope you will be ok.",happy
shoutout to my fellow retail workers stuck working on third shift during new years,overwhelmed
this is my new favorite video.,happy
could you point to a specific policy of [name] that was to the left of [name] on race please?,overwhelmed
repost with a better title,sad
i am so sorry for your loss and all the stress you have right now. all the internet hugs you want right now! <3,lonely
"oh okay, thank you!!",happy
yeah that makes a lot of sense and i'm glad you looked passed all the negativity,happy
driving drunk and killing people is where it stops,neutral
😥 i feel so sorry. he'd be proud of you. *hugs*,tired
i wanna see her debate [name]. he would shit all over her.,overwhelmed
sorry man. didn't realize i was talking to a russian spam bot. please give my best to [name].,stressed
"errr, nah she'll be dead in both without compesations. less than 40% winrate.",lonely
this is horrible... one of my worst nightmares actually.,anxious
"no, i just haven't seen that here, and i wanted you to show me that's all.",overwhelmed
i believe you copied and paste from somewhere or previous answer. we are definitely not talking about the same thing. hope you get better man. cheers.,confused
i want to give you reddit gold but i’m poor and bad at money spending so have my love instead,overwhelmed
pretty wild.,neutral
"ah, so you're the reason people hate aspies.",angry
i’ve read your comment over and over and i’m sorry i can’t parse what you’re saying.,tired
sounds like you may be demisexual? i know i am. just wouldn't be able to be casually intimate with someone personally,stressed
no faith! shame!,stressed
didnt even know that was a thing.. yeah well ill probably never be a public figure so it doesnt really matter i guess lol,stressed
tried to think who else could compete for that honor and didn't come up with many: - [name] - [name] - [name] anyone else?,sad
looks pretty dope.,stressed
whoops yeah my bad and no just from the pictures ive seen there were just u opened sauce packets arranged on platters,stressed
"52k upvotes in 2 hours. that's reddit for you! congrats, guy!",happy
[name] awful.,anxious
"my childhood horse died due to twisted intestines. very traumatizing, since he crawled over and put his head in my lap at the end.",lonely
i'm sorry that happened to you. you planned a awesome day that i wouldve loved celebrating with you. happy birthday,sad
"i wish my phone was that accurate. it warns me i'm at 14%, then 10 minutes later it drops to 0% and shuts off.",overwhelmed
anyone else feel like [name] came dressed as [name]?,confused
i'd prefer her as an actual character,overwhelmed
ladies and gentlemen; that there's our future #1 elite goaltender. we got 'em.,neutral
"change your mindset to not expect anything in return, if they do great if not...their loss",neutral
"[name] will get injured after today or in the next one or two matches. death, taxes and [name] injury.",lonely
yeah until the last one has creepily wed and reproduced.,anxious
"yeah, that’s what i meant. my bad.",stressed
oh i found them 8d,confused
it is though. certainly the worst zelda game at least.,angry
made my first reddit account to downvote this. thanks?,happy
awkwardly remembering all of those promises i made mid-panic attack...,stressed
so does he want to go back to being hunters and gatherers? how can humanity improve with no governments.,confused
"now remember, if something goes wrong, let's not get the law involved, one hand washes the other. oh, that reminds me.",neutral
intentionally frightening the queen is an indictable offence. (max 14 years) criminal code,lonely
"reality is often disappointing -tpusa, probably",sad
you mean like how skyrim is only good because of all the mods? lol,stressed
"i already told you, food poisoning or allergic foods. the real greedy snake oil salesmen are big pharma.",lonely
you'd be surprised how much control [name] has in your life. i've experienced it first hand. mentally.,confused
this is why i have no sympathy for parents who can't make time for their kids because of their jobs.,angry
the lucky ones died quick,lonely
hate to see him go. the only thing i’m complaining about besides this was the hagelin trade back in november. both hit home,sad
it’s pretty embarrassing to see a grown man be taken down by a dog when the man outweighs the dog by a lot lmfao,stressed
yeah maybe shutting down all those barracks near the border wasn't a great idea.,tired
lol i hate this too!,angry
"tried it. failed it. got mental consequences, my memory wont recover after half a year. you will regret it.",tired
i will mate. no worries.,sad
two or three anti depressants before i told them a lie about how i tried my moms valium and it worked,anxious
hahaha how old are your sons? they're mixin' batches with your body wash hahaha,happy
imagine being born in 1987 and not having been invited to a party since your friend's birthday party in 1999 though :(,sad
fuck calm down [name],angry
[name] i’m so sorry sweety,tired
that windshield crack from his skull!,anxious
fucking refs suck my balls.,angry
this is so cruel. i literally feel physically sick.,sad
"come on, new day! make it finally finally happen, [name]!",overwhelmed
"[name], “how dare you show concern for the wounded!” made me chuckle.",angry
asshole w cash amount,neutral
> 333 brothers and sisters are here now so much cringe.,anxious
i picked it so it forced me to stay anonymous.,confused
i wish could do what you do. it has been my dream. im jealous,happy
i... don‘t see anything wrong with that?,happy
i hope this guy got found and fired. that's way too dangerous. he could have easily killed someone.,anxious
glad i took the 1st half spread,happy
">it would also open the possibility of selling the [name] arms, i guess. that would be a terrible idea.",anxious
i pray this changes.,overwhelmed
that sounds a little paranoid,anxious
i want to be a rapper. i also like to write poetry and stuff. so to be successful with those things also i want to design clothing.,overwhelmed
"this team was nowhere near legendary, filled with legends sure, but incredibly disappointing.",sad
we legally can't do that now mr. [name],neutral
"good [name] alighty, he's broken in half",sad
shut up why do you even care about what people choose to do with their bodies lol move on and keep living your miserable and ignorant existence.,anxious
i think we all know [name] has the best curves in team history.,happy
"what a horrible way to find out, though. my sympathies to the dead man.",anxious
#yes,neutral
i wish i could get 9 usd per hour in my job. (not american).,overwhelmed
i want the man who makes me pizza from scratch and then lovingly hand feeds it to me. completely realistic expectation.,overwhelmed
"sorry, ""semi"". happy?",tired
i wish my mom was like you. moms like her make us feel like our whole life has just been an identity crisis.,overwhelmed
that's a shame. well good luck,stressed
but if it weren't that way then a corrupt police force could convict many innocents. there is no correct answer to this problem.,tired
look up info on being an empath. i am one and am complete drained after outings even if i had a blast.,happy
little did you know 95% of these kids just don’t want to go to school,neutral
in your next post you will lament the evil of poverty socialism is a mental disorder,anxious
"first thought: ohhh fuck fuck fuck!!! okay, time for me to submerge and introduce this mothafuckas eye balls to these hands",angry
osaka making me nervous,anxious
"should be ,,how to be a [name] character""",confused
her accent!! i died.,lonely
"yeah, sadly, looks like this champ will be pretty opressive.",lonely
look at that gym! id kill to have one with such a nice view,overwhelmed
this makes me wanna die,lonely
i am certain this image has fully activated my excitement.exe. bad bot.,happy
"the most siamese cat thing ive ever seen- weird, sexy, playful, smart, deadly.",stressed
hard to digest pills,stressed
reporters shouldn’t be afraid of governments - governments should be afraid of reporters.,anxious
not sure why you're trying to shove spoiler hints into the face of someone who explicitly said they just finished chapter 1 but more power to you i guess,confused
i more than half expected there to be an ak in there. still very much impressed.,neutral
i'm glad you're doing a bit better. sorry about your grandma. good luck.,lonely
"is there a customer service number? if so, what is it?",confused
the only one to really be sad about losing is [name] tbh,sad
"i can't find year stats. anyhow, i needed the excel files or a list of numbers in a table.",overwhelmed
get in mah feelins,happy
no the whippet sound is wubwubwubwubwubwubwubwubwubwubwubwubwubwubwubwubwubwubwubwubwubwubwubwubwubwubwubwubwubwubwubwubwubwubwubwubwubwubwubwubwubwubwubwubwubwubwubwubwubwubwubwubwubwubwubwubwubwubwubwubwubwubwubwubwubwubwubwubwubwubwubwubwubwubwubwubwubwubwubwubwubwubwubwubwubwubwubwubwubwub and then you need another balloon. spot on with the gunshot though. just like intense temporary tinnitus.,neutral
my [name] accuses me of cheating all the time too when i’ve been nothing but loyal. makes me wonder if she was cheating on me too...,anxious
more like *fun* camps!,neutral
rip the guy from psych,lonely
"i can take the karma loss, i couldn't help but troll that other post a bit. some will get it (like yourself).",sad
also that college is overrated because they are or know a welder or plumber that's makes 200k .,angry
you're going nowhere! edit: [name],lonely
for some reason this post is making me crave an apartment.,overwhelmed
comment for later,neutral
"me too, but glad this creep is getting attention for his creepiness outside of r/kanye",anxious
no helmet + no shoes + no skill + no sense = exactly what happened,neutral
he looks so disappointed in him,sad
i really want pizza right now,overwhelmed
rheged sounds like a racist name for a [name]. don't think it will catch on tbh,anxious
don't know why anyone would need more explanation than this video,angry
"how are you doing man? i mean, what's up in your life right now? you seem really miserable tbh.",lonely
"i do feel sorry for the squirrel, but i wouldn't say the dog is a jerk for acting on natural instinct.",tired
this is great advice. the minions here will automatically down vote due to username.,sad
no idea what this means but the fact that you said sweetie lets me know that you’re probably really obnoxious or just being sarcastic,angry
"sorry to burst your bubble, but winners write history and since leave won ... */dodges incoming tomato*",tired
"if she is sorry at all. could be more along the lines of ""i am pretending to be sorry so i don't get fired.""",tired
reacting to [name] at this point just makes me feel worse about the artist.,lonely
what a pc cuck,angry
taliban is the worst.,angry
a lot of people call that this is only one they made her sick,sad
weird i'm short and have anxiety and depression and somehow i'm not an incel.,anxious
what would be the best place to search for teammates then,confused
some judges are just literally scum. have those in germany aswell. unfortunately.,tired
i'm literally screaming.,sad
looks like big trouble in little china,lonely
it’s counterfeit. just morally wrong.,angry
"i regret not grabbing my work laptop today, then i wouldn't have to leave fort blanket until thursday.",tired
[name] hates us man. he’s a stone cold killer.,angry
i'm so sorry but just do everything you can for you and daughter and of course mom.,tired
"i'm from buenos aires, and i say kill 'em all!",angry
i'm sorry to tell you this but your mate probably touches children too. that's the only logical conclusion i can come to here.,tired
"i apologise for coming off as rude, the end comment was unnecessary and needlessly rude",angry
we either bout to get a road win or have another historical collapse,confused
was the same with me for a couple of years before puberty.. i was frequently mistaken for an adult woman..,stressed
six shots on goal for [name] and still nothing. this breaks my heart.,sad
"if i ever need a good laugh, i watch the apology video.",overwhelmed
i would not recommend contacting her. that would probably creep her out.,angry
he may have thought he had time but i really can't comment on his frame.of mind,neutral
i’m sorry to hear that friend :(. it’s for the best most likely if she didn’t accept you for who you are,tired
"i'd just feel less out of place, i guess. my sa makes me feel like i'm so behind my peers in terms of a social life",anxious
"wait, which ones can do it now? seriously, i don't really know this one.",neutral
"i wish [name] would debate [name], if he was alive :(.",overwhelmed
"i'm giving you an upvote for that perfect comeback, but i'm not happy about it!",sad
"yeah, i’m at the dh store. so it’s far but not that far. people really are horrible.",anxious
yeah i want to see what kind of car it is post pics :),overwhelmed
i did not realize that and maybe it’s because [name] is slightly cheaper and wanted to be a [name] badly.,confused
"wait nevermind, i just rewatched the clip. they were in snowball's dream but in that pic they are still in snowball's dream.",confused
powerful stuff. i'm sorry i gave you this much time and credit.,tired
i’m convined everyone here is also on r/travisscott and r/kanye,overwhelmed
"from ""woohoo!!"" to blood curdling screams in a matter of seconds.",stressed
we need more people like you. we need a batman who specifically harasses fat people.,overwhelmed
"hate that scene? believe it or not, jail.",angry
"[name], i’d like to buy a letter a...",overwhelmed
this kills the country.,anxious
can’t believe [name] era is coming to an end... feels like yesterday i saw his 1st win against the cowboys with tiki breaking the rushing record.,sad
this made me cringe so hard,lonely
"i know, right? what an embarrassment that local news would call that thing a ""tractor"".",stressed
wow [name] has a lot more insecurities than i thought,confused
"[name], too. [name] is very guilty of this.",tired
"i think he had other, more important things on his mind at that moment.",angry
honestly if you had to live in punchbowl you’d be angry too,overwhelmed
meh they got away with the [name] murder so they may feel empowered to continue on with their murderous ways.,neutral
sending prayers!!,neutral
"no, but when you're family sees, like, 12 books of it, it can certainly make things awkward.",stressed
i stopped watching [name] the moment vie when they made the sub surface and i realised they were rewriting history. it's insulting.,sad
"sorry, you misread. i thought you'd written ""why had they done that"". iirc, it's in the report they published.",tired
"sorry, there was a little bitterness in my voice from how my father treated me. not directed at op. i am in the wrong.",tired
i never knew this! nuts are a total fear food for me,anxious
i was so worried for the kitty the whole story.,anxious
i wanna have sex with him in my normal body to see what that's like.,overwhelmed
as [name] wishes he didnt want to be buried so they had is ashes thrown in a lake in india as [name] wanted please respect his wishes,overwhelmed
i told her that same thing. she insisted that it was a possession,happy
she's passed away.,lonely
it’s crazy how many people don’t know the difference between fluid ounces and weight lol,confused
i need therapy but i’m too scared to go to therapy.,anxious
nor is it easy to waste [name] career,neutral
"i'm afraid you're completely correct. sad, but true.",anxious
*googles what is the third leading cause of death* google *updated*: measles causes by stupid people not vaccinating their children,lonely
ohhhh now i get it omg i'm so stupid,stressed
nope this was saturdays sunset :) i wish i was out there today for the sunset!,overwhelmed
has medicaid stopped? most people i know who support this want medicare or medicaid for all.,overwhelmed
the dude wanted to watch the talking car show. geez. haha jk. thats freaking creepy,happy
"bigger kid in the black shirt perfectly missed the entire thing, turns back to see the kid pop back up and run away. totally oblivious",confused
"i mean, it'd be nice to see some other teams in the championship anyways, it's been bama vs. clemson 3/4 past years",overwhelmed
they killed me [name]. they killed me with schlock,lonely
mental health issues get such a bad rap as it is. i appreciate this comment a lot.,lonely
that was the moment i fell in love with [name]. he was also really good in frier fall (free fall).,neutral
so sorry you are hurting.,tired
"yup, i must be overreacting too and it's not a big deal. it's amazing the justifications used for this nonsense.",confused
i’m dying! perfect!,lonely
"they're taking one for the team, those brave creatures!",happy
i am ashamed of your sequel memes. prequel memes or no memes,stressed
"that would involve reading, and redhats aren't so good at that.",neutral
i love how it stops just before the impact,happy
i’m this close to buying a tweezer and doing my own eyebrows but i’m fully aware it’s the masculinity stopping me lmao.,neutral
that's why imo [name] death is better.,lonely
"honestly wish i could do this, i miss my long hair sometimes :(",overwhelmed
"same here man, terrible feeling",anxious
"i think that’s best, but it tough while living together and trying to keep a smile on for the kids.",sad
and also something against [name]. (my definition of [name] is just people at the bottom of love distribution),neutral
omfg the worst!! want to pull my hair out!!,stressed
"lets go with sensitive, because what other reason is there to downvote an opinion",overwhelmed
"i wish they can a option to change it back after the ""upgrade"" because it feels more like a downgrade",overwhelmed
"man, i wish i liked music that much. well maybe not *that* much, but you know what i mean.",overwhelmed
sorry it didn't help. i hope you can find something that does.,tired
"never, ever, ever, ever double text. pursue other girls after the first text is unanswered.",neutral
"always wanted to try [name], i'll add her to my list.",overwhelmed
"do i just need to watch just 'some' or all of them, oh and what about his books? i gotta buy them too right?",confused
"honestly mate, highest i've got to is only 1623 but put me up against an axe or a cannon and i'm just dead.",sad
"ah yes, my apologies!",stressed
the word nourish makes me cringe now tbh,anxious
"it makes for awkward conversation when i ask ""what's your favorite song?"" and i get ""i just liked the shirt"" in response",stressed
"emotes have a ridiculous amount of effort put into them, which only makes the fact that nobody uses them sadder",sad
no one is going to create more competition for themselves,lonely
"i felt it once, then i quickly realised i was horribly mistaken when someone better came. there's no such a thing as ""the one""",tired
"[name]. gun crimes are pretty much unheard of on that side of the pond, isn't it? rip.",lonely
i'm a little disappointed that the tier markings werent' just different shades of green.,sad
powerful stuff. i'm sorry i gave you this much time and credit.,tired
whooo!! she waited... then paused the. went in!! oooooohhhh the shade!!!!!,confused
just go to a doctor/dispensary or call them on the phone.,happy
that guy who melodramatically dances around playing horribly soppy poppy chord progressions over and over and does a cringy dance that makes me want to kill things?,overwhelmed
this game is actually worse than i was anticipating and i knew it was gonna be bad,angry
please don’t downvote me i just have a question what is wrong with libertarians? this sub seems to hate them and i’m one.,anxious
i thought you were and [name] too?,confused
looks like the walk of shame. heading home after a night of partying and to much drinking.,lonely
but... but [name] literally wanted to murder almost all the polish people.,stressed
why would you doubt it dumbass?,confused
[name] has to be spinning in his grave right now,angry
assault? molest just has a connotation of someone being under the influence or without proper faculties,anxious
i’m so very sorry that happened to you!,tired
is that max?,confused
that's a pretty cool way to die.,lonely
do you have the mvp giambi card? the stats are nice vs [name] but he hasn’t really performed like i expected,confused
[name] was the [name] of the [name] years. didn't realise he was still about.,confused
"rude to nxt. they need to just let her go. she hasn’t improved in over a decade, she’s never going to",angry
some people would be too ashamed to speak up though,stressed
yeah after an hour he started walking and eating. but for now he’s staying inside my home for the week,confused
this just makes me feel inferior at this point.,anxious
i like derek. it's on netflix and i was crying my eyes out and laughing hysterically every single episode. i was sorry they cancelled it.,tired
im driving and i cant stop screaming i need to talk to someone in sorry,tired
dude stop your gonna make me cry. this is horrible please don't do this stop right now. dont it's just not worth it,anxious
[name] has consistently being volatile. it's just a matter of time until she's being rude to [name] again.,angry
stupid [name] referencing that stupid seagull/cricket myth,angry
may [name] bless and keep the president... far away from us!,overwhelmed
break up and be firm about. you’ve already admitted to being dishonest. why lead him on?,confused
keeping the stomach warm also helps. holding the baby with their stomach against yours helps them fall asleep. but it doesn't work all the time unfortunately.,neutral
bringing the country down with the government.,neutral
"yawning at the insults to me, not the woman",angry
"tbh if they were hopped up on drugs and harassing employees and customers alike, i would have just called the fuzz anonymously.",angry
i'm really sorry for your loss friend. i hope everything is okay on your end too.,lonely
"[name]. gun crimes are pretty much unheard of on that side of the pond, isn't it? rip.",lonely
[name] i wish that were me,overwhelmed
i've seen pigeons do this. i thought they were injured or dead until i checked.,lonely
"the right: ""why won't the left let us rape, abuse and brainwash children without putting their liberal noses where they don't belong.""",confused
sorry i was being facetious,tired
just kontrol freeks since my strike pack died. going pack to paddles when i get the chance though.,lonely
"why didn’t she celebrate, she redirected that one in!!",confused
they could have prepared you better. i'm so sorry. i wanna give you a hug and tell you it's okay.,sad
i work on a farm. i can confirm can be dangerous. i have a hard time imagining a scenario where being a cop is more dangerous.,sad
and a pretty bad [name] too.,stressed
i love this! it's nice to hear of a positive outcome on here.,happy
if the ps5 ends up having ps3 backwards compatibility i'll come back to this post to taunt you.,angry
because it was a terrible idea.,anxious
"that's how drivers recycle ""lost and found"" phones.",neutral
hard to swallow pills. this sub is meh now,sad
the incorrect number of o's has depressed me,sad
i'm really considering making this my flair,happy
i used odesk to pay ppl overseas to do all my college coursework. i coasted!!!,stressed
that was a fluid motion and it scared me,anxious
what do you mean “call you out on things?” are you being disrespectful? disruptive? unsafe?,angry
"do i come across as thin-skinned? hm, never noticed. maybe it's an allergic reaction to dishonesty.",confused
go commit ultimate punishment,lonely
"at least you get sunny on netflix, they took it off in canada :(",sad
america.... i have done goofed!,tired
"ooh sorry, i didn't reread the article. i just remembered seeing it on instagram. i'll add an edit",sad
[name] and his supporters are the dumbest humans in the fucking galaxy. they should be locked up for their own safety.,angry
thanks love <3,happy
but why? i have enough awkward moments in my life. i just want to see comedy when i watch a show labeled as one.,overwhelmed
worst is when people with dogs think they know what it's like to be a parent omg like you dont even know you dont even know,stressed
this is why i stopped watching. :( the brutality was disgusting.,angry
is it though? all the highschoolers i knew were too broke to be using juuls. everyone had a suorin and the only ones with juuls were drug dealers.,stressed
kotaku never ceases to amaze me with the horrible decisions they make in posting stories that can ruin people's lives with no confirmation or validity.,anxious
must’ve gotten it the wrong way round because he moves like a spry 82 yr old,confused
it's hard to make friends. :( i sit alone.,sad
i heard not too long ago that they had homophobic ads too. they also play multiple ads through a 10 minute video which irritates me.,angry
you all need to move the f out of your parents house!,overwhelmed
that kinda true honestly lol. just has more potential,happy
i'm so sorry,tired
"i couldn't get my wife on board. she insists on eating a ""real dinner"".",stressed
that's not her. this is she is in the movie:,happy
league better do right by us and gift us zion. they did this for nola and cleveland too....i need to believe in something....please!,overwhelmed
"wait, i see the problem, you are changing the word observation to assumption, which i think you know is disingenuous.",neutral
> humans are empathetic and do this daily. i have to remind myself of this sometimes.,neutral
"they are dangerous af. i had a student faceplant and break her face, and my daughter's friend hit his head and is in a coma.",anxious
"i am so terribly sorry you lost your dad to this horrendous disease. judging by this photo, he had a terrific smile.",lonely
thanks for remembering. i have since added to my post :-),happy
sorry to hear it man. grief is the appropriate thing to feel. i hope she is happy in the afterlife. peace be with you both.,tired
i've always thought it was weird that they keep their hard drive on the left.,angry
only fair - although they they could have reported it as 0-0 since nd never showed up.,neutral
hey i just reposted this without reading it dont blame me for it putting boy friend,confused
this team + 2 lottery picks and another offseason for our young players will definitely be a playoff team next year.,overwhelmed
yea. from my estimation i have about 5 years before i should just pack it up completely.,sad
i’m so sorry for your loss... if you ever want to queue pm me for my steam,tired
5 days?!? but i'm mad now!,angry
"this spring is so loaded, it's almost too much at once!",anxious
now we need [name] to reunite with [name],overwhelmed
sorry about that! edited with the addition of those details.,tired
the [name] camp is psycho. they're the same people that called [name] supporters deplorables.,stressed
sorry. emotional writing bot! you dont know what its like to have an amygdala! lol,tired
the colts badly wanted to hire him. he’d get a gm job in a heartbeat if he wanted it.,lonely
imagine [name] ever saying this.,confused
"awkward edit - aww are you a rangers fan, damnit",stressed
"that is embarrassing, but at least they know you're not lying about the cause!",stressed
honestly i’ve seen kids that age do really gross stuff,angry
lets fuckin do this,angry
"snorting them might be what kept her from having a lethal overdose, snorting benzos is pretty much a waste as most of it barely absorbs.",anxious
this is an old carnie trick. there are sites that have debunked this guy.,neutral
i deserved it. i'm a garbage cumslut. he owned me and he took his property.,sad
when i'm the fifth hokage i'm gonna make sure no one has to go through that sort of abuse! believe it!!,happy
you spend most of your time here in the rangers threads talking about how much you hate the huns. that's pretty weird as well.,tired
> he is not sexist and not a transphobe. i see you've never actually listened to him or read his work.,sad
we aren’t done until we are mathematically eliminated. always hold out hope,happy
"[name]! he was just amazing, best contract ever, so sad when we lost him.",sad
i would love to see some encouragement and smiles on the sideline instead of yelling and whining.,happy
"yeah, those seem like they'll flop around quite safely...",tired
my 3.5mm jack came with my iphone se and i can literally never lose it as long as i have my phone.,anxious
"you do not look anywhere near 12, you look alot older than 19. to bad i only dated as young as 23 as i would date you",stressed
the biggest nightmare,anxious
this video is what gets me saving into my future fund bruh. edit: r/personalfinance,overwhelmed
so what's so funny about what you just said?,confused
"shut up, [name].",angry
i hate poetry,sad
"boston sports doesn’t deserve anymore titles, fuck the pats",angry
somebody reverse this please i would be so happy.,overwhelmed
ok cheers. i’m banned from there,sad
i had not even known of a coup in thailand. the last news i remember seeing about thailand was the death of the king.,lonely
i just want the 24 best players...no more weird guidelines to keep deserving guys out,stressed
that guy probably makes minimum wage doing delivery. and you just not only stole the pizza he delivered but his bike too. belongs in r/imatotalpieceofshit,stressed
they scammed you by wasting your time,tired
"an indie rock guy i loved used dialectics to explain his songwriting process, it was weird.",angry
there's a guy that died after he let a horse do that. he'd probably have survived if he sought medical attention sooner.,lonely
"don't ""neg"" the university (or any university) and don't write about doing illegal, unethical, or immoral activities.",stressed
hey leave me and my 11 year old thai wife out of this.,anxious
"get his master class. my boyfriend watched it and he got obsessed with cooking, knife techniques, etc. (for like 3 months).",neutral
i actually like adore (maybe i’m uneducated oof) what has she done?,sad
"that's awful. i'm glad [name] doing better, but he might have serious trust issues for life.",angry
hedonism at it's finest,happy
"dude, she had just lost her baby, too.",lonely
who is brainwashing people to believe it's all a social construct ? it's really frightening that it's become so mainstream.,anxious
they don't want equal rights. they want extra rights.,overwhelmed
if nothing was said and you can be engaged all day tomorrow then i wouldn’t worry.,anxious
can’t even tell what’s happening here. this isn’t cringe.,stressed
i wish the answer were that or simple,overwhelmed
"i am so terribly sorry you lost your dad to this horrendous disease. judging by this photo, he had a terrific smile.",lonely
"i know the feeling, but you’re not disgusting. happy new year!",happy
or you just get rejected and then not murdered and your anxiety worsens until you can no longer approach women or even men.,anxious
i wake up and think i have to go to school and then realize i've graduated and i'm going to work,confused
"genuinely curious, what year do you think we're in right now?",confused
i’m so sorry. hang in there it’ll get easier.,tired
incontinence is a terrible thing,anxious
"okay. i’m not a [name], but i love block games? idk",angry
"there's no need for anger, but cringe and embarrassment are called for.",stressed
makes for an ~~interesting rewatch~~ good drinking game,confused
yeah because what we should do is continue to be an absolute embarrassment.,stressed
"i'd like to see it set during the [name] conquest of china, that'd be cool",overwhelmed
i heard [name] was an absolute monster too... jk folks,anxious
bringing the country down with the government.,sad
just got a bit worried because it's always showed up instantly for me before,sad
"""someone else must start this however... but i will sure join in the violent fight that will ensue... i promise!""",overwhelmed
he quit when he got deep into drug addiction. from what [name] and co were saying it seemed like he could barely function.,neutral
very very nice to see this irl. nice post 👌🏼,happy
[name] apologized to [name] and [name] about his comments. i don’t see the “i got hacked” comment.,stressed
something is eating this poor redditor and i don’t think it’s the injustice of society at large to accept face tattoos.,lonely
i would love to get microblading but its so iffy about if it’ll be good or not. i’ve seen a lot of terrible turn outs,anxious
that's why imo [name] death is better.,lonely
"same boat, will also be traveling but im not sure where yet, based in madison wisconsin tho",confused
this year would’ve been the year to start it... we’ll likely be losing the heart of our team after this season,sad
may regret asking but foid ?,tired
i'd like to apologize on behalf of all azwel mains.,tired
maybe one day but i am very cultured*,overwhelmed
"holy crap, i've never seen a picture of [name] so thin.",stressed
yeah no more concussions in madden now. only non head related injuries occur.,happy
is he dead now from a tragic drowning accident? asking for a friend.,lonely
"like i said, it's painful.",sad
the keystone pipeline brings in oil from canada. as long as canada keeps fucking over the [name] they'll be on good terms with the us.,happy
it bothers me that he doesn’t respond to your texts. that’s weird,sad
great thread for more humblebrags. can't have enough on this sub,happy
i’m wondering if your church and bible study attendance lets her pretend you are [name].,confused
mini sun because rain pouring on you constantly will ruin everything around you like electronics,anxious
please stop pointing your fingers in my face,angry
"yeah, i probably should’ve gone ahead and looked that up beforehand. but the issue remains the same, even at that price.",tired
[name]. im sorry,tired
this seems like a massive cope. but do whatever makes you happy.,overwhelmed
i dream of a world where that won't even be an option.,overwhelmed
"oh, that's horrible. my condolences.",lonely
if he doesn’t play tomorrow then we should start worrying,neutral
i know i don't know the spanish alphabet but i can't believe i didn't catch that before,confused
oh for fuck sake [name],angry
i was just joking...,happy
"doesn’t sound like it’s going to work out, sorry dude",tired
"yes the ammo health thing really is a chore. too much realism. we want have some fun in a realistic setting, not a simulator.",overwhelmed
"lmaoo the comment posted 14 hours ago gets doenvoted, but the same exact comment posted one hour ago gets upvoted. what??",confused
chills. i can’t wait. i’m sure [name] will get over this not being happy because they have bigger fish to fry.,neutral
my life has been destroyed,lonely
i would love to see [name] take on the avengers and win.,overwhelmed
juve somehow still managed to get the upper hand in the [name] for [name] and [name] deal. that's some voodoo shit right there.,angry
with a lot of severe brain damage after being beat back to life with an ugly stick.,sad
"super weird question. not really commenting either way, just so weird the life we have created for modern humans.",stressed
"i think i had that thought years ago, but then i heard they were making a third trailer park boys movie, so i wanted to see that.",overwhelmed
isn't north dakota more important? or are they just the sacrificial canary in the coal mine?,lonely
"can you snap a picture of that pinky in your butthole, friend?",confused
"if he was from a free pack he's not sellable, sorry",tired
well i'm glad i decided to go to mcd's instead of doing those lines!,happy
but it's her turn!,neutral
this gave me ptsd,stressed
an obvious joke,happy
i wish the double down would leave *me* out of this! my poor stomach. once was enough.,overwhelmed
"shame saints aren't even going to get a lbp out of this game, feels like that's the minimum deserved",stressed
>i was internally startled but tried to play it cool. why?,neutral
"sorry man, you’re a great person and all. but margarine??? downvoted*",angry
he said this awhile ago. his splits away from coors scares me.,anxious
"i mean, ya, but this has been his stance for as long as i have been a fan. it isn’t really new for him.",confused
"i know that, but it just reminds me of darkest dungeon too",confused
"binge drinking is a big problem in vn right now, unfortunately. so i wouldn't be surprised if drunkenness was the main cause of this.",sad
it gives me a weird feeling as someone not named [name]. it's a very heeby jeeby inducing phrase.,confused
i'm not ready for that so i won't believe it,sad
check her phone and email. she is probably screwing one of her yoga students.,neutral
"not talking about [name] as i've barely seen any of that, just the implication that [name] got a lot of new mixups",stressed
i do remember this and wanted nothing more than to kill that guy,angry
my ping pong queen looks so happy! i cried lol,sad
omg was he really 5000 favorite?,confused
"because it's like she's a child, though it would be weird to explain it right then.",tired
ugh. i wish you were wrong.,angry
thank you. [name],happy
"sorry, i have plans that day, week, month. watching tv while you peruse reddit are plans aren't they???",tired
and now i regret not applying when they opened one in my town even more now. good times.,lonely
"so america and the ussr are the exact same thing to you? sorry you're so small minded, hope you learn to grow in the future.",tired
i deserve to be head of national security because i'm adopted,overwhelmed
yeah there's no reason to believe you staying up as a kid has anything to do with your current insomnia,lonely
"oh no brothers, absolutely no cheers from iraq",angry
if your argument is that we shouldn't build bike lanes because of rare inclement weather like yesterday then you just made an argument against roads.,angry
i’m failing you.,angry
"damn, i want some!",overwhelmed
"sadly, the military is archaic about non-conforming relationships. :/ i wish more of these decals existed.",lonely
"you have a real axe to grind about this. should've pulled your bootstraps up more and mowed more lawns in the summer, son.",neutral
"malevolent as i've ever been, head is spinnin'",anxious
habs-flames has always been my dream final. right our last wrong.,overwhelmed
"nope, don’t even know what dart is. sorry. and thanks!",lonely
but i want to look cute as i eat myself into immobility and an early grave. /s,overwhelmed
i’m a millennial and my mortgage payment only takes about 1/5 of my after tax earnings in a month. feels so good.,happy
"[name] is 110% 24/7/365 all the time swag, i just can't fathom.",neutral
"ive had 300ug tabs before, took 2 had full on ego death was naked with my friends jumping on moving cars",neutral
"[name] may lie but he doesn’t when it comes to important things apparently. jobs, security and anti war",confused
hello. i’m sorry you’re going through that. why do you think it’s impossible to leave?,sad
"although he is best girl, he can never love :( he litterally doesn't have a heart",lonely
i hate this arm swing thing. either try to sync up or just stop doing it.,angry
"now i'm wondering if [name] drinks, and if he's ever been inebriated during one of his deals.",confused
death approaches! -[name] 2013 (i think),lonely
did you make him finish the meal before he got the toy?,confused
aw crap you're right. sorry i suck at names and shit,tired
"great video, not the same as the gilette ad but still full of a lot of information.",overwhelmed
"pity. i had some decent lunches there, but never went there at night.",tired
"i’m here,it’s tough but i’m here.",sad
oh heck oh frick,anxious
currently have 2 points. one is from when my cat died and the other is from a really bad migraine.,lonely
you sound scared,anxious
"i like your answer and good on ya, love me some [name]!",happy
"i got bad news for ya'll. i picked chargers, colts, saints, and cowboys to win. so eagles might be winning :/",tired
you can't be serious.,angry
"he looked so shlubby on that show, it was like he was the [name] version of [name].",neutral
group wasn't bad. edit: unless you're talking home rentals then my bad.,sad
it's weird because sometimes i care and sometimes i don't. although i wouldn't call myself an asexual i could be leaning more towards demisexual.,sad
that is profoundly messed up.,sad
"what about, hear me out now, 2max? it doesn't sound cool though. could probably call it something else.",angry
wait it's a hat?! yoooooooooooooooooooooooooooooooooooooooooo,confused
"omg, this reminds me so much of my ubpdw saying ""i need a real man. i need you to be my hero!""",overwhelmed
"no, lots of people in that area do that. hire someone to do your taxes because it'll be a nightmare and so will your commute",angry
"“acktchyually, america is a democratic republi, not a democracy. that’s why giving some people five times the votes of others is ok.”",angry
it's a shame when a really attractive person does this to themself. pretty eyes great smile.,stressed
can we stop posting stuff like this? it comes off as desperate *edited for typo*,angry
now i really want to see them. stupid brain!,overwhelmed
that opening is quite terrible tbh,anxious
"if i’m ever like that, suffocate me with a pillow.",anxious
"ah it's too complicated, i'll start dating dudes instead.",stressed
am i the only one waiting for [name] turn from ‘politics’ to porn?,confused
you can but it takes a bit of time. i've had panic attacks and anxiety attacks and they are not remotely fun,anxious
"gone but not forgotten. you will be missed, you will be forever loved.",tired
i wish the answer were that or simple,overwhelmed
hard to get motivated to play when the fans are burying one of your teammates.,anxious
i have secondhand embarrassment for them both.,stressed
i have secondhand embarrassment for them both.,stressed
"my condolences, cheese is magnificent!",lonely
i’d have rated 4.5,neutral
"it's even more useless if there is no other source of power (capacitor, etc.) other than the sun to work.",sad
i think you spoke too soon,neutral
so sorry for your loss.,lonely
greatest part of that goal is the pique backheel for me. what is he even doing there :)),confused
"i was isla vista, beautiful and terrible place",lonely
i think people are more worried if he'll stay or not than whether he plays at the same level or not.,anxious
such a great movie that kinda gets overlooked.,happy
what are the actual odds of getting #1 pick? anyone know?,neutral
i am so sorry for your loss and all the stress you have right now. all the internet hugs you want right now! <3,tired
i’m super excited and waiting for the fov slider to put on the live server.,happy
it's a weird way of saying you don't want to see my penis,stressed
that sounds disgustingly sweet and yet i want to try it,neutral
"i will, thank you!!",happy
"it's like calling a snake a ""danger noodle"" or a hedgehog an ""ouchy mouse"". it's just like a silly thing",anxious
if [name] was looking out for him why did he let him get into the accident in the first place? guess he wasn't paying attention.,confused
everyone who takes drugs will die.,lonely
"yea gotta get that sweet .05% on $3,000. gonna retire with it!",overwhelmed
jokes are even more terrible lately,anxious
"have you had no withdrawal symptoms? did you quit cold turkey? i want to go off abilify, it sucks.",angry
ugh foot rubs. i feel embarrassed thinking about how my nmom used to make me do this to her. ugh ugh ugh,stressed
"luckily from him, there is no death penalty in brazil and the maximum a person can serve in a brazilian jail is 20 consecutive years.",lonely
"man it's so cringy. can't i like classic rock and hip-hop? smh btw he forgot the beatles, just sayin...",stressed
plus [name] has won before. [name] is a perennial loser. all he has ever done is played on teams that were the worst in the nhl.,neutral
"it better not as i only bought the bloody thing last week! sorry, guess i'm still in shock from the kettle dying.",tired
"thanks, i actually just reached out to my counselor and said i'd like to switch to just myself.",confused
"you obviously don't understand, this season was a bumper crop and *i* want to bank all that sunshine in *my own* pocket.",sad
damn we got 7th grade conspiracy theorists in the world these days?!?!,neutral
still pretty alarming. thanks for these.,anxious
the [name] trade to get [name] wasn't too shabby either.,confused
"because they think the govt should provide all the jobs, they're crazy.",overwhelmed
"i'm also an intj!! so uh, you can do it too ;)",neutral
using sex as social status is beyond retarded lol,angry
nice mix of trashy and classy.,neutral
thanks bot! the water looks so weird now,anxious
"the problem is your husband. if he prioritized you, he would have figured something out. i’m so sorry.",tired
two are close friends of mine one of which has not been higher since october to december 2016.,neutral
not what i wanted to read today. :(,neutral
poisoned by his enemies.,neutral
this has happened to me twice...most embarrassing shit,stressed
about as much say so as the walmart employee that stocks the shelves.,neutral
i'm so sorry! i hope you are doing better!,tired
winter depression has finally gotten to me. so damn bored even with all these bowl games on.,anxious
900 iq play by that tracer to use her 300 damage ultimate on a 600hp character who has a healing/damage resistant ability.,sad
thanks now i’m insecure again,anxious
"> i cannot fathom what he gets out of it. the privilege of avoiding any and all self-reflection, i guess.",neutral
plus what if something went missing? even if they didn't steal anything it would be an awkward moment.,stressed
they got ripped apart here (on reddit) a few weeks ago for passing false information on aircraft videos and taking legit criticism poorly.,angry
would love it if [name] showed up as church lady and played a solo on it.,overwhelmed
good to hear my man!,happy
"your paranoia over it seems schizophrenic to me. just in case you are not, please elaborate on why this is important to society.",confused
i love this reply,happy
"or better yet, live through it and then have nightmares and paranoia the rest of your life",tired
coming from [name] even though it’s a hypothetical question it’s still gotta feel scary,anxious
i'm sorry for what happened to you. i guess you were sending mixed signals all the time.,lonely
phoenix and orlando are teams i hear sniffing around [name] in free agency. both make sense.,neutral
ha! you're right! i don't know why i assume you were male. sorry. :),tired
"i understand what he was trying to say, but [name] it came out badly.",lonely
would love to see [name] pull up in a tesla that was blocks by the truck guys.,overwhelmed
every time there's a video in my sub box i get really excited and then it's fortnite. it's heartbreaking.,sad
idiots are downvoting your correct comment.,anxious
we stick out in a crowd. you can run with it or hide from it. i love embracing it!,stressed
sorry i thought you called me dumb. long story. a misunderstanding. sorry,sad
bruh fox and heild look like the same dude,neutral
will quickly be removed from lobby screen but the game mode selection button will keep the annoying warning/advert.,angry
i can't imagine how scary that was for you. what is wrong with people?,anxious
[name] goes to insults when you have nothing smart to say. goodbye,stressed
i'm lost here,sad
you da real mvp,happy
it wasn't any better 10 years ago if that offers any sense of relief.,angry
can we put down weed bro? he’s faced too much suffering.,angry
i wasn’t even expecting the reply that’s why i’m literally bamboozled.,stressed
no noodlebox for you then. sorry.,tired
"congratulations on your shiny spine! i really hope your boyfriend backs you up but even if not, we all do!",happy
alternative: he didn’t live as long as he thought he would. he died mid-sentence while writing a,lonely
go on the website it’s super easy to get hired loading trucks that’s for sure,happy
you should have asked her out. it would have made her feel better after that and you might have scored a date.,happy
damn the cubs fell hard!,sad
i love you,happy
"sorry i am foreign, and might have come across wrong. anyways it has to happen at some stage?",tired
i’m sorry than happened to you and your family. really puts things into perspective.. thank you for the reply !!:),neutral
the problem is that rent controls and the prevention of urban infrastructure expansion is killing city renters. which is what most cities do.,sad
it scares me that left to right is also possible for anyone,anxious
because the other option is labour and they are treacherous,tired
wet dreams don't count,stressed
i wish they would put dfs in for [name] right now,overwhelmed
i'm asking if you didn't realize orthodoxy considers not orthodox movements to be wrong. i'm asking if you didn't realize what the implications are,angry
"ahhh a fellow atheist, i used that in the standard social meaning but no intention of meaning ""god"" would actually bless you lol but thx",stressed
i fell asleep with the feeds on last night and woke up pretty frightened at the noises coming from my computer. thank you for casting tom bb hahahaha,anxious
rip the guy from psych,lonely
"we need these people on our side; arguing with them may be both thankless and fruitless, but the argument must be put to them.",neutral
hence the apology note.,tired
nah the highest voted stories on nosleep these days are about sexual abuse or something along those lines,confused
"where is this link on the sidebar? i can't seem to find it for a reason. i only see ""rules"" and ""moderators"".",neutral
hopefully the chouteau greenway ends up narrowing market street back to its original width.,happy
"except that he can't, he already played a south american u20 with argentina which cap ties him.",neutral
[name] wanted to pull an [name] there! good flashbacks!,happy
oh man i was being facetious it annoyed me so much,confused
thanks love you,happy
and shockz isn’t? and he wouldn’t be too much of a threat for... fuck i forgot who’s on rec honestly,stressed
"he said the victims who survivied ""pushed a fat person in front of the shooter"" yeah that really 'making fun of bad ideas'",neutral
i'm sorry to hear about what your sister did to you. i'm glad my videos could be of help!,lonely
i don't know how you get over the survivor's guilt after something like that.,tired
haha you have a cut on your face you must be the worst person who ever lived.,happy
can’t believe [name] era is coming to an end... feels like yesterday i saw his 1st win against the cowboys with tiki breaking the rushing record.,sad
is this because of the sudden spate of comments feeling shocked that we don't respect proud right leaners or have you always had these mails?,confused
at least he has a chance to grab a railing if he falls.,overwhelmed
"i see this a lot on reddit. holding a dumb view, dying on a dumb hill just to finally not respond to a breakdown of claims",happy
"not only does the overbooking hurt the customers financials and time, but violations like this one put lives in danger.",anxious
"if she is sorry at all. could be more along the lines of ""i am pretending to be sorry so i don't get fired.""",tired
i’m gonna put my soul glow on now.,neutral
lets go devils baby,stressed
"everyone seems to forget how much he sucked as a quarterback, there’s a reason he was un drafted",angry
edited : sorry meant to reply to a post,lonely
he stopped talking to me 🤷🏼‍♀️,sad
an eye for a *dead*eye? i'm sorry...,tired
"i know they are treated very well, but some of them do die.",lonely
[name] ran out of her way to butt into the conversation with [name] and [name]. [name] . i can't stand [name],anxious
"i'm wondering how many players have ""phd in punishment"" -comment unironically.",confused
have to stay positive! i am getting a new job i love in the field i want to work in!,overwhelmed
this has been my dream for years!!!,overwhelmed
mad stinky.,angry
help that damn cat,angry
you’ll see why it’s a trap once you see the bill.,confused
well the good news is once all the boomers die off you won't have any pesky old people to blame anymore.,lonely
thats not what i said but okay schlomo,sad
"yes, very sad but that's the reality of competitive online gaming right now",sad
"the history of horrible things the federal government has done is well documented. the same way the federal government does it, with income taxes.",anxious
plus corporations are universally unethical,angry
"i get why you hate this guy, but why do you hate [name]?",confused
but what did he druer? sorry. (im not sorry),stressed
how close a friend ? acquaintance friend.. close friend.. close to someone else in the band ?,confused
story of my life,neutral
all of their saints are psychotic idiot who died for nothing. people remember them as horrible people in death as they were in life.,lonely
"yep! and the buns seemed so much fresher then. last time i went, years ago, it was terribly disappointing.",sad
nice melt bra,happy
explain how british farmers taking common aborigine land in australia to be used as private property 'isn't rooted in colonialism'.,confused
at least they don’t say that at a funeral,sad
why not lemons?,confused
"more insults, [name] said my bit now all you have is a show that proves what i said to be the truth, nothing more nothing less.",stressed
if you were the op this would matter.,neutral
"i like [name], not so much",neutral
looks like big trouble in little china,anxious
yeah but [name] as well? unless she's significantly younger than him.,neutral
3 hole punch rick.,neutral
by way of real clutch,neutral
i'm 25 and i still don't have a license. i'm terrified of driving and get anxiety every time i'm behind the wheel.,anxious
>it'd be good for venezuela that's the hallmark of u.s. invasions; invaded countries always do well as a result. /s,happy
here is their other hot wallet: the story behind,neutral
this dude live near me. all my highschool classmates are big fans of his and look up to him.,happy
[name] sucks. rally killee,neutral
now i really hope he spends a few days meditating on music and then gets back to us on his insights regarding giant steps by [name].,happy
"i mean, op is consenting and asking for it, it's better to let them be",neutral
how long do we have to wait? i might need rehab.,stressed
the mods deleted it i'm sorry,sad
700 euros per week for 16 hour days 6 -7 days a week is shite and well below minimum wage if you work it out per hour.,sad
"don't fight reactionary idiots in public sure sounds a lot like ""sit down and shut up"" to me",angry
"it's a fair question to be sure. crime dramas have largely overstated the importance of reading [name] rights, so most people have the same misconceptions.",neutral
[name] is da man. a gangsta mathematician who had the guts to seduce the most beautiful spartan woman of her time.,happy
that poor mercy. just died to die again xd,lonely
i’m sorry this happened to you. i’m glad you got out of it.,tired
please. sorry.,tired
i would be afraid he would come back and somehow blame me for his failure.,anxious
seems more first thought is to stop and make sure to call 911.,confused
"oh that’s actually seriously a relief, how do you know that though?",happy
idk i’d kind of like [name] to come up next year. [name] still scares me a little. not saying i don’t like the guy,neutral
"she threatened to hurt you, i would file a police report.",anxious
plus it's prettier.,happy
"awesome, thank you!",happy
right there with you. 20 years together and suddenly its over. i'm tired of crying and hurting. we'll get through this.,lonely
ranked is perfect and elo gap doesnt exist (fucking kill me),sad
exactly. you're a child. you make personal attacks when you lose an argument. i feel sorry for you.,tired
beyond nightmare!!,anxious
glitter is awful for everything,angry
i’m so glad you’re doing good now! have a great new year and keep pushing on my guy!,happy
i'd feel better if the dude in the video didn't have a gun.,anxious
this is the saddest thing i've seen today,sad
"i have, and what i get is hundreds. i just wanted some advice on ones people would recommend",overwhelmed
23/68 last 9 games. yeah that’s a bad %,sad
"wasn’t it just reported that the [name] report will be “anticlimactic?” don’t like [name], i’m just keeping it real.",angry
yea! but i realize now i was referring to the wrong movie.,confused
clearly they do know who to trust now.,confused
> husband probably came out blasting like the dude in the bathroom in pulp fiction except this dude actually hit what he was shooting at.,neutral
you mean they'd get as pissy as everyone in this thread is?,stressed
"apparently she was doing the ""gasping fish face thing"" with a face full of mud when the cops arrived.",stressed
seriously creepy.,anxious
i have bought this but not played. i'm scared. hold me.,anxious
every bp within cooeee of me is consistently 5-10 cents a liter higher than other options. weird.,stressed
tf what it this for a motivational speech?? tf is fb doing to these kids,confused
ah! that's not gone well!,sad
ahh yes i forgot to include steps 3a *and* 3b. thanks fam,confused
omg i thought it said it aired the 7th. i feel dumb. ty.,neutral
i think i met you. sorry if i was a bit standoffish.,sad
"lol! too funny. mine are depressed, they gave up. :(",anxious
over in r/texas we are coming up with slogans to ecourage people to switch to renewable.,overwhelmed
i've been waiting to watch [name] die for a long long time. sure hope that one is right.,overwhelmed
this guy gets it (and feels it as well... sorry brother),neutral
this is gonna get worse before it gets better.,stressed
[name] don’t make up only 2% of the population though. edit: i mis-read. i’m sorry. please ignore this comment.,tired
you sound fun at parties,happy
no bullet dodged this was a traumatic event that will follow this poor thing around the rest of her life.,anxious
i'd still think he is scum. and needs to be imprisoned.,lonely
"seems like [name] and [name] are the ones playing you, [name]",neutral
[name] wants to know what you really mean.,overwhelmed
"yeah. hard not to catch feelings sometimes, even if they are just a bunch of writeoffs.",lonely
umm how about “sorry i tried to kidnap our son.” he could start there.,stressed
"feel free to pm me, i was a longtime vegetarian before transitioning to veganism.",happy
i want to know if he was ever with [name]. we needed more [name].,overwhelmed
[name] they always go back to the dyed hair what's up with that,confused
"this is embarrassing, but while purging i wear a pad or don’t wear pants at all. eating disorders are so beautiful /s",stressed
he's getting rest. we're trying to see how he can handle the starter's role.,happy
as a household we deal with it by respecting each other's choices and opinions.,happy
"considering you could do it and be out over a highschool summer vacation, why not?",overwhelmed
"as much as i love the dodgers, i can’t see them in the world series 3 times in a row... so yeah, backwards.",happy
i am the same way. i feel your pain! therapy and meds are helping me!,lonely
that was brutal.,angry
this sub is very very bad at irony,sad
"it was interedtinh to see. the first few sacks were schemed up, but eventually, he started beating his tackled with some consistency.",angry
my only deal breaker would be possessiveness like it is for men bc i only like dating,stressed
"makes no sense, troll harder",angry
"oh god dammit i've been bamboozled, i fell for the b8",stressed
i want [name] to bite me,overwhelmed
[name] sure are afraid of brown women.,anxious
i’ve always used a medium sized screwdriver but it can mess up the prongs so use a chopstick and you should be fine,angry
ah got it. marked it sorry!,tired
"rip time wasted editing, its a shame that not many other people saw this",tired
i can’t tell who’s wooshing who but i’m afraid to ask by this point,anxious
we’ve got the terrorists screaming [name] while commiting terror acts to thank for that.,anxious
he ded.... and why the fuck these poss have cellphones in prison.,angry
"agreed, those who are waiting for their life-changing amounts to buy a home for their families just have to wait.. they are so selfish",neutral
"some college professors and their teaching staff may need to die. oh, wait... saying that is hate speech.",lonely
i remember my grandparents seemed to hate each other. my grandpa had a hearing aid and when grandma starting nagging he'd reach up and turn it off.,confused
do yourself a favor and protect your credibility by not arguing in favor of a terrible hire.,happy
ah sorry about that won’t happen again,tired
food pranks really irk me 😔,angry
my mistake. i just glanced over your last post.,tired
they'd never give her a crown but it would be so good to see her back on my screen.,overwhelmed
"oh, because his sideburns were shaped like stars!",confused
i wish [name] was fit enough to be fourth choice.,overwhelmed
9 to 4. that's pretty sorry.,tired
it’s like they’re in the middle of a pissing contest.,stressed
i cant help it if i dream abt it damn,angry
that's even worse honestly,stressed
don't forget that labour cannot win a majority by itself. they would need to make a deal with the snp.,overwhelmed
that last paragraph before the edit lmao. so fake it hurts.,lonely
weird game lol,stressed
there are no helpful ideas like the one you're looking for. there is only one idea... tell your parents and get authorities involved.,anxious
have you ever brought up your concern before? i understand if that is the only issue but if it doesn't change it could fester.,confused
"there is a revenge story in jnmil about dil getting back at mil involving ground meat. yes, that mil sabotage her bc too",anxious
sad... rip,lonely
edit: wrong link sorry here’s the right one i hope,tired
"what do you mean strap around the bulls nuts?!,!? sorry not into rodeo things",tired
"yea we need more good news to give other people hope, enough hope to give them a helpfull push to pursue what they really want.",overwhelmed
glad things came out alright for you...,happy
i wish more people enjoyed that sport.. when that clay explodes you get that feel,overwhelmed
they were nice in the pms just wanted me to be aware that my tone was kind of callus about mental illness,neutral
that is the most obnoxious chant ever the chiefs do it too,lonely
"""while we've decided not to hire you for this postion mr. [name], we have an opening at the ticket window""",tired
sorry then. my bad. let's hope there is no full scale war any time soon btw.,tired
i did twist my ankle trying to play that on ddr.,sad
listen to it while you're sad,sad
it’s indicating his uncles death wasn’t a accident and he died for a specific reason such as conspiracy,lonely
"oh, give me a break, it was worded like an insult, clear as a day. a mild one, but still.",stressed
can someone explain to me what's stopping [name] from pardoning everything [name] even gazes at?,confused
sadly i don't think even half the people who watched the game are gonna hear about that.,lonely
honestly it makes me sad but [name] does need less time:/,sad
nobody said they don't have the right. it's still embarrassing.,stressed
might be wrong but isn't it [name] who wanted gase more than mac,stressed
i've always wondered how much of this stuff doesn't end up on the internet,confused
"apologies, got a little carried away.",tired
sc is still the only game that makes mt entire body overheat to the point of death.,angry
"the us and canada are great allies, it's really a shame they've elected their worst.",anxious
i just cant imagine someone insulting a guy by comparing him to one of the most successfull child actors. (i know who [name] is),stressed
oh no my jimmies are so rustled! please desist your relentless banter!,anxious
diesel with a 60gal tank,neutral
"as a rep 6 orochi, those dodge attacks from neutral made me cringe.",neutral
i thought that was gonna be the pelicans after [name] is gone(sorry pelicans fans),tired
"thanks for answering instead of ""but hillary"".",happy
[name] is my least favorite on the station.,angry
"sorry, but [name] doesn’t even compare to [name].",stressed
my nightmare is having an iphone.,anxious
shame. clg [name] could've been a thing.,stressed
"hey there, sorry to hear you were running into connectivity issues. how often do you see that error and when did it start happening for you? ^et",tired
in that case clench! clench for all you’re worth!!,neutral
"i am on month 9 post discard. the anxiety has lifted tremendously, and the depression is still looming but not as bad.",anxious
"you hang your head in shame. not because of this, but just in general.",stressed
once upon a time i got banned for a whole day because of bad behavior... oh wait that was all of us...,tired
do kids even know who papa smurf is these days?,confused
you’ll have to take it up with my good friend [name],neutral
"sometimes, i feel bad if i don't every now and then. i mostly talk with her on sc/ig tho.",tired
i’m glad you are here. you got this.,happy
you left out poor shaming,lonely
wait so the aboleth only kills you if you dont do what the dm says,lonely
[name] damn it i'm so tired of seeing instagram between fights,angry
could've directed them to the employees. it's not hard especially if they're 3 inches from you,stressed
this hits a little too close to home,neutral
[name] has weird ideas about everything.,stressed
"again, “citing buzzfeed news”... i stand by what i said!",happy
"naw she's got ""meth belly"". when they are so skinny from not eating but burning calories but they are bloated so much they look pregnant.",happy
how the hell do i post a picture,sad
"poor horse, must have hurt a lot.",sad
sad thing is it would probably forcibly ground the plane.,sad
"this is me today, i have to do a 1-2 minute presentation and i’m freaking out about it",anxious
you definitely have a sexy [name] look going on.,happy
"yeah, sorry, i was on the mobile site, and wasn't able to delete it.",tired
i was waiting for that but this isn't r/nononono or r/holdmybeer,overwhelmed
i always wanted to be an actor! always found it fun to emulate and/or imitate others,overwhelmed
that'd be amazing! heard about newington's reno not long ago. need to get over there.,happy
i'll try and search there. thanks. edit: it looks like a bunch of vampire story weebs but whatever,confused
"via napoli in epcot is amazing, but no garlic bread (the pizza is great though).",happy
this is horrifying,anxious
holy shit did this sub just get wholesome for a second?,sad
"i still think [name] is better, [name] normal are really bad...",stressed
i didn't know of [name] before i saw that episode. i fucking love that man and have watched an unhealthy amount of him since.,sad
"that's what i'm speaking purely about. we can only speculate. and oh, yeah, still quality cringe.",stressed
what happened? i can’t stop thinking about this post. her poor family. those kids. 😢,lonely
"understand their point of view, 13 is too young. imagine how they felt when they found out their innocent child was watching adult videos.",stressed
oops! the bottle was so oily it slipped outta my hand and into the trash!,stressed
i think it's ridiculous that we continue to pay taxes to fund paychecks that federal workers aren't receiving.,angry
"i'm at job that is effecting my mental health, and i'm not sure if i should be up front.",lonely
"have a good one, mate. i wish you all the loves. here, a potcoin for you.",overwhelmed
"me too, i just stood there clapping the whole time.",happy
"my bad on the phrasing, it’s more of a hole with a vent cover",overwhelmed
won’t molotovs create more waste?,neutral
omg you like totally caught me!!! i'm just a silly social media girl named [name],stressed
looks like he tore his patellar ligament,overwhelmed
"asmr is a weird sexual fetish for incels, and dont let anyone try and convince you otherwise.",stressed
"kind of upsets me that people are so willing to just throw out some wild, baseless accusation like this for karma.",sad
"oh man, i forgot about ebay! i have some old textbooks i’ve been meaning to put on there too.",tired
boy you sure can make some word vomit. you must be scared all the time to have such pessimistic views of people.,stressed
that's so sad.,sad
"i like your style, let's not wait on any historians to miss any opportunities.",confused
if that’s true it’s very desperate. you would think he had some better way of communicating.,neutral
sorry i failed to mention i'm relatively new to the scene . last 2 years only,lonely
removed for spam,angry
i have yet to see someone apologize for having bad english who actually has bad english.,sad
maybe? i was def too busy going “ohmygawd motherfucking king shark!?! 🦈 “ to notice,confused
it's her |_stand^¬,neutral
"i don't know dude, but i'm just saying that it's not weird at all that people are super doubtful whenever posts like this crop up.",confused
no the limiting factor is the leader raped a young boy and paid his silence,angry
"not cameo, reference sorry",tired
"she's not curating her humor to your taste, alas.",happy
"it involves a relationship with a girl so i need a girls input, sorry i’m not sexist or anything.",tired
"absolutely not! if religions didn’t exist on this planet, we would be a far more advanced society.",angry
how do you know he likes beer. did he ever once state that he likes beer?,confused
that's not even deconstructed. it's just unassembled.,angry
go to rehab,happy
so. this is scary as fuck.,anxious
i have a bad feeling i’m gonna regret not tuning into this,tired
i was expecting her to come in to work looking like [name] from the [name] show...,overwhelmed
it is. it’s so bad. then i start blaming myself for liking them. it’s like i have no control over this.,sad
but it's accurate. the other link states he was living in one of the poorest provinces in china. dude was just an idiot,angry
people are very complicated.,sad
"same, i hate myself for finding the last 4 chapters... my heart is devastated.",lonely
bahaha i wish! i copied and pasted it off the internet but yeah that’s some serious research,overwhelmed
"[name] is getting frustrated and [name] is playing well, not much between the two last few points. finishing it off is going to be a challenge for [name]",anxious
i really want pizza right now,overwhelmed
it just seems extremely insensitive to say that. that’s the real problem. it invalidates the other person’s suffering.,stressed
can’t tell if you’re joking. but it’s called a habit.,stressed
[name] damn [name],angry
damn... this weed is the shiznittlebamsnipsnapsack!,sad
that's a shame.. speaking of that though. where are some good places to hear blues in the city?,stressed
interesting what you said about the crew and better to fly solo than with people who bring you down. i'll remember that.,happy
"oof okay, thanks for the info. hopefully he fares better with our line/te's",happy
"my oldest jersey is gilmour, but i'd love to add a sittler or salming jersey to my collection.",overwhelmed
"why do i seem to hit 6/7, and can't go any deeper without throwing up. i wanna see and feel more shit fml lol.",confused
my heavens people are getting upset about this.,sad
"breaking news, husband borrows wife's car and should lose their job because of this",stressed
i'm so sorry for your loss. one of my favourite unisex names is [name].,tired
would love for us to go to [name] and give them tammy for peanuts with a buyback,overwhelmed
"my hope is gone, too. sounds like we've both tried over, and over, and over again. when do the realisations hit you?",confused
it’s also dangerous to be riding a motorcycle waiting behind a stationary car if another car isn’t paying attention and slams into you.,lonely
you blew it. they played you like a fiddle.,neutral
"all of the wonder, beauty, and mystery of the world was taken before we even got here.",sad
not very cringey,stressed
legend says he still can't believe he's done this.,confused
i can’t watch the video the cringe from reading everyone’s response is enough,anxious
"trust me, i my self wish it happened before this filming",overwhelmed
are you sincerely saying that [name] are bad because they were in the minority?,angry
"happy cake day! it'll be tough, but stick to it and you will come out the other side better for it.",neutral
yup. was so annoyed to see this making the rounds yesterday.,angry
that's forward heavy punch right? sorry i'm pretty new to sf,stressed
this sounds so painful. i am so sorry. this ed is literally a demon.,sad
i feel bad for all those kids whose parents decided to homeschool them so they could be professional hots players without all that stupid learning getting in the way.,sad
"acestream is a great tool, just a shame that it's closed source, makes it a bit scarier for me to use.",anxious
"sorry, you misspelled disrespectful. you don't have my trust. here are the divorce papers.",tired
i'm 25 and i still don't have a license. i'm terrified of driving and get anxiety every time i'm behind the wheel.,anxious
"sorry, should have searched for the artist's name. karma decay is a lot less reliable than i thought it was.",tired
we need more vowelled insults so you can spell an acronym with them,overwhelmed
let their deaths be swift,lonely
"i don't really know how to explain because english is not my first language, i'm sorry.",tired
10 life hacks you didn't know you needed in your life,overwhelmed
one time on an early morning run i saw nobody coming down so i ran up it against traffic.,lonely
omg creepy!,anxious
i kill him before he kills me during the date,neutral
did that ever work? why did [name] keep going to that play over and over again when it resulted in 4th down after 4th down?,confused
"help, i'm scared and want to go back.",anxious
"sorry, yes they do. [name] is the worst qb mentioned in that list.",angry
and this is why i park my car in the woods when i wanna just chill. thank you south jersey pines,confused
[name],stressed
at least we will still have broccoli.,anxious
spurs gonna get two in a row over us. embarrassing,stressed
i wouldnt mind seeig a few rushes with that nfl overhead cam.,overwhelmed
i think the longer the ass hair is the less i want it on my desk,neutral
i know and that made me sad!,sad
do you even try try try???,confused
do you still have the video?,confused
i want him to change and realize he messed up and he needs to do better,overwhelmed
say it again for the people in the back!!,neutral
"not loving what i'm seeing so far, let's hope we can tighten it up.",happy
"i'd love to collab with some reddit folks on nfl draft prospect scouting, rankings and mock drafts if anyone is interested.",overwhelmed
i’m ashamed to look at how much time i spend on reddit,stressed
"i'm sorry, when did a subreddit become a sacred institution? that's a false equivalency.",tired
they want to play the best team to learn the most.,neutral
deep blue eyes look weird to me. the rest seems pretty good.,anxious
"sorry, didn't know where else to put it",stressed
i’m sorry for your loss bro ❤️,lonely
hahaha i knew y'all were gonna post this,happy
"we are on the brink, you won't wait long.",neutral
you're going nowhere! edit: [name],angry
i am. he's the easy pick. would be perfect for this franchise. i'm worried that he won't make it to us.,tired
"deadly strike is also spammable with not costing brew and guaranteed damage. personal preference bud, do the math",neutral
sorry for your loss; this story is heartwarming.,lonely
"hey, we have that problem too. remember at least one number, folks. it's in your best interest in case of an emergency or jail.",stressed
having watched sunderland till i die it makes me desperate for some sort of insight into the way arsenal operate behind the scenes.,confused
"did you hear about that old italian chef? sadly, he pasta way.",sad
its 1:23 in the morning and now i wanna go load a bowl,overwhelmed
i kill them all and then overwrite my only save. i'm bonkers.,lonely
"it’s not that they may not become priests, it’s that they can not become priests.",happy
"i know, right? burger king is clearly superior. no wonder he is fa.",confused
dude it was an old video. your porn math is way off.,tired
why should i waste my time with that?,confused
i want to see the human equivalent to how happy this dog is,overwhelmed
i only watch bad animes sorry,tired
just ask him what he’s looking for. it might be awkward but honesty is the best policy. good luck!,stressed
"i thought it got a nerf when the spirit got released. my bad. but i still stand by, healing against the legion is pointless.",sad
looks like you got 2 xl cheetos,lonely
same.. that was brutal,sad
"in the 50s my aunt was 6 weeks old when a flu virus caused inflammation of the heart and she died. so there's that, too.",lonely
i understand just so hard feels like i’m being thrown away like trash i don’t want to imagine a life without her in it,lonely
"let's keep making that trade with different teams until we have all 32 picks in the 6th round one year sorry, i'll go back to my nhl19",tired
why is this sub obsessed w/california? and texas in general?,confused
[name] just ripped his jersey. he’s frustrated as hell right now,angry
"thank you for the update, i’ve been stressing about the shutdown and lines. this helps.",anxious
you think you’d go for it. reality would probably be much different,tired
i wonder what would happen if you did the same thing to him.,confused
it's not even goats. just got to the point i realised the devs don't care about what happens below high elo.,confused
he needs to go knit or something.,neutral
yeah i think this is a well rounded pov. agree.,happy
"you are the type of fellow that puts mommy in the cheap home and cashes her cheques, loyalty of a snake.",stressed
he definitely is. soon.,neutral
"believe it or not, i actually am. with the exception of stupidity.",stressed
oh god. imagine losing to toronto in the cup final. you would spent the rest of your life hearing about it,sad
"i'm 27. i've been thinking about joining the club, just to avoid this inevitability",stressed
have a great weekend,happy
i’m concerned this story does not have a definitive conclusion,anxious
not sure why you got downvoted so hard when everybody above is saying the same thing.,lonely
"amazing that aunt [name] wouldn't genuinely reflect on her her behavior, or realize that she is raising a spoiled, rude child.",confused
we have laws against all that. get the police to do take action.,overwhelmed
i wish. but sadly my job relies on other people so i just can't be the sole person,overwhelmed
"""human, there is something wrong with my water.""",sad
"yeah my face goes numb in 20 degrees and lower windchill, i can't even imagine how i would feel in that!",neutral
so you'll bleed and be in pain twice that day.,angry
thank u goalie [name],happy
where's my electric cruise ship musk?,neutral
for every legit billionaire there’s 2 that scammed their way there,neutral
really wish we had got something like this!,overwhelmed
more interested in getting responses to my questions rather than cryptic clues! not sure of the relevance of your question.,angry
i feel so sorry for [name]..,sad
how incredibly dangerous,anxious
water is not a human rights. that's absurd.,angry
"yeah, this seems weird to me, too.",stressed
pretty wild.,anxious
you can do it but it won’t be easy or fast keep watching craigslist.,sad
i’m conflicting i want to upvote but really feel like it should be downvoted,tired
my buddy drives said car and used to drive for uber. now in seattle and on the eastside people still think he’s their uber rofl,happy
the coming home network. and [name] is a convert who has really good books.,neutral
it's riskier to take on bad contracts right now,anxious
>but part of the whole inequality picture is women receiving lower pay for the same jobs. honestly? doesn't happen.,lonely
"[name]! he was just amazing, best contract ever, so sad when we lost him.",lonely
yeah i dont know. :s,neutral
self driving cars still won't help fix the problem if old people can't afford them,angry
"if he does still pull through on the appointment, he might be someone to schedule more with... sorry bout your eye... hope feel better soon...",tired
"stop working, it works with the gm corporation, why not the us corporation.",angry
"she sounds like she could be depressed. people who have depression need care, love and help to get better, not internet shaming.",lonely
"way too small, what a bummer.",neutral
"nononononoyes their doing this knowing that they are going to kill the bull no matter what, he deserves it.",anxious
"ugh i did this at a work conference and ran straight into the guest speaker. the flashbacks are rough, probably for her too i imagine.",neutral
shared misery *always* makes me feel better :d,overwhelmed
it's the end of the world as we know it...and i feel fine,sad
"on a related note, why does it shatter? i expected it to break into a few large pieces, rather than completely fall apart.",confused
ahhhhhh [name] had to finish that. but beautiful pass from [name],neutral
i have a launch xb1 and i have maybe crashed twice since the game came out. i have almost 8 days played btw...,happy
i think we should get married,neutral
"okay, i'll try to find one. sorry about that.",tired
"i'm sorry :( i hope this year ends up being incredible for you in ways you never anticipated, to make up for it. hugs.",tired
it doesn't really matter because since bf came out on console it's slowly become shit. :),lonely
didn't work anyway,sad
"sorry mate, you’ve got the wrong sub. this is for **bad** uk.",tired
"ah, thought they made another fa character cannon for a minute. i'd like to see [name] come back (with a bit of a nerf:)",confused
"i did it to myself, i knew he slept with multiple women...i don’t know what i was thinking",neutral
this comment made me very nervous,anxious
sorry for the bad formatting,tired
more like hold my cane,neutral
that's so disappointing. i'm sorry that happened to you. it really is hard to make friends as an adult.,tired
"surprised, playtest isn't mentioned. the ending is just god damn!",confused
"see, i'm over here thinking ""i hate sports"" now if you could just take my balls and go home",angry
"everytime i see this, i can't help but feel someone forces the cats paw into the brownie.",tired
no noodlebox for you then. sorry.,tired
my favourite was “for people who don’t like water”. i don’t like their drinks but their advertising is always funny.,angry
then watch the american remake and weep,lonely
keep fallin then,angry
this might be my favorite scene in the whole series,happy
maybe? must’ve been one intense game of [name]. ‍♀️,confused
"subscribed to sjwstories, thanks for informing me about that one!",happy
im sorry dude. drumming octopuss.,sad
">live pd, in america this is russia bro. i’m not too familiar with their laws but not every country has he same laws",sad
"im sorry, my autocorret happened. but i think you can read between the lines? or maybe just go full r*** :)",tired
care to elaborate? i'm curious how this is true seeing as last i checked they were the highest paid in the country.,confused
and of course you forgot the chillis that make him orange,neutral
"i'll take that on board! i'm a mostly patient person. at least i hope so, lol. thanks for the advice (:",angry
i know right? let me just stop what i'm doing to feel pity where you go wrong in relationships.,lonely
last time i saw was loooong ago. basically before ln announced they went for probabilistic routing.,confused
which episode was this?,confused
what no one in the history of time has ever recovered from a bad first date? hard pass on this anecdotal evidence.,stressed
hardly surprising. now they also lost their coach... rip,lonely
[name] a real surgeon now!,confused
i got a bad feeling about this. something tells me they're going to drag this along until 2 weeks before release.,lonely
i really like the colours but i'm wondering where that bit of shadow on the chin comes from.,confused
i owe nothing and they take more than that every year ;),neutral
"well damn, sounds more reliable then shit like and all that",sad
"in all fairness ive said it to men, woman, and children. nobody is outside of my blind rage.",angry
omg she's byesexual. sorry i had to.,stressed
more please!,anxious
[name] has so many people shook.,sad
thanks man:) great advice!,happy
you should be required to be 25+ if you want the government to acknowledge your marriage. so stupid.,confused
"eh, its up to you.. but im not buying your girlscout cookies just because some of the troop drowned.",lonely
"oh sorry, i'll do that.",tired
it's not a murder or a cringe. just seems like two friends joking around.,confused
"ok, im sorry",stressed
sooo inappropriate and sooo awkward. he looked so uncomfortable and [name] wouldn't stop. i hated watching that scene.,anxious
"that's a nice way to say ""being forcibly removed as illegal immigrants."".",overwhelmed
"i think you might waive your right to sue if you say ""apologize or i will sue"" and then the party apologizes.",lonely
hahaha thanks. i didnt notice the spelling dammit. edited now.,confused
"that's definitely sexism, same with that ad",angry
"[name], buy me dinner before you go to poundtown on us.",overwhelmed
i'm sorry to hear that! but thank you for sharing i imagine several years of not seeing someone you care about would be draining!,lonely
same. all other map on og with ssd were fine. [name] drops and it's terrible.,anxious
i wish i could forget,happy
the judge wasn’t impartial as decided by the appeal court. the judge needs to be schooled.,overwhelmed
true that.,confused
hugs to you it will get better,happy
this is dangerous.,anxious
actually i barely remember any threads about him getting to rank 1 in recent years. most of them were about his insane winrates against gold-plat players.,happy
"""oceans"" by hillsong united. song gave me a migraine then and still does now.",sad
this was my biggest problem. and i'd want a nap too. that's why i have to shower at night.,overwhelmed
oh that’s terrifying,anxious
i feel like that’s not the best spot for a beach,confused
he sounds like a stand up guy. i want his attitude in the clubhouse for sure,overwhelmed
it's nothing on you. i just hate the idea from a justice standpoint. i strive for fairness as much as i'm able.,overwhelmed
it’s amazing what can happen if you work and want to win.,happy
"the trouble is that they are, in fact, very devout [name].",neutral
kill me.,lonely
those ears...those horrible ears,neutral
i told them i’m not etfsec so they cancelled the call :(,sad
"reminds of something beautiful [name] said in an interview once ""i fall in love with myself. and i want someone to share me with me.""",overwhelmed
"i chose a name without my parents. then when i told them the name, they said that's the name they had picked out if i was afab",confused
"i fear slowly losing myself, and my cognition over an illness far more than i fear dying from a random accident tbh.",anxious
that’s awesome. feed the gators while getting rid of pits. kill two birds with one stone.,lonely
i finally know where [name] is: drunk at a train station.,angry
feeling the hatred towards that person i get. actually running them off the road and holding them at gunpoint? no way. no way to justify that.,angry
three. three layers of bad.,neutral
"[name] is playing with the confidence, aggression, and awareness that i wish [name] and [name] would develop.",overwhelmed
this is how mafia works,confused
"i'm 58, my 40 year wife is 59, and my handfasted wife is 64. i'm so in love with both of them!",happy
i live downtown and walk around at odd hours of the night all the time. love the empty and abandoned feel of the city.,happy
you're right!,happy
"[name] also slept with his dads mistress, [name] is weird",angry
this only makes me want him more. proves he is decisive and has self belief. our team has been devoid of both.,neutral
i thought that already happened when [name] was confirmed. i was told that would be the end of america!,confused
"tell us your story, too, [name] :) sooooo many more details to mine, ooooofffff... i tried to be brief",overwhelmed
idk my brain doesn’t process what i’m watching if i can’t read along at the same time,confused
i am vuri disappointed in you. you gained turdy pounds tis munt. scale dont lie,sad
it's also one of the very few decent solo fps released this year.,happy
we got killed by the 7-11 guy yesterday so [name] had to bring out the valet guy.,lonely
i will never understand why streaming is entertaining.,confused
i guess her bad breath turned him off,neutral
"i don't know what the main broadcast is like, but the mnf crew is amazing.",happy
this is going to be a disaster,angry
hot take: [name] sucked after he went away to anger management and he suddenly changed into a moron who was completely incapable of doing anything even remotely correct.,angry
i can't believe that we've seen this ep before and missed the poster. wish i could upvote y more than once.,overwhelmed
"eh, 3. i don't know why. i told him this but he's afraid his life is ruined.",confused
"i have a 1080ti and an i7 8700k and on very fast at 40k bitrate i'm already hitting 50% cpu usage on obs alone, any suggestions?",anxious
that's pretty bad though would certainly explain things.,tired
saint and eagles was the only interesting game.,happy
slathered in blue cheese. [name] is so jealous.,sad
"okay, a little confusion. why are those “d”s not cancelling out? edit :skittle-a little",neutral
sure it's okay. very sorry for your loss. your dad's posts kept me coming back here when i was just a lurker. much appreciation.,tired
he acted like such a jerk- why would you want to be friends with someone like that? i would never trust him again.,angry
this reply made me giggle. sorry you got hit by a moron! hope your car is repairable!,anxious
bless. wish you more beautiful days ahead!,happy
and even then... it won't be for long.,angry
im in love with this comment,happy
"they're just excited! about everything!! it's the best when people do this in professional emails, too!!!",happy
i'll try that but i'm thinking about going outside when it is unbearable to sleep. also i'm scared of cold making me more sleepy.,anxious
"a ""kicky switch""? i'm not sure where to use that, but i'll find a way.",confused
i was being sarcastic ;),stressed
dude got owned by a glass of cider. he spent a full month roiling and gnashing his teeth in an existential nightmare because of sulphites.,sad
i wish this was animated.,overwhelmed
i thought this was a diary that i wrote in my notebook! i'm almost exactly the same!,happy
thank you kindly :),happy
his left hand is mightily fucked.,lonely
she looks late 30s. she’s gorgeous.,happy
a the_donald poster trying to pass as a human being has to be one of the saddest things i've ever seen.,sad
yeah well first god says it’s an abomination. also if people find out everyone will hate me and my parents will be extremely angry,anxious
>![name] get the crossbow before it's too late he can't breath oh [name] please hurry im shaking and crying rn!<,anxious
"boy i *sure hope* this isn't a weekly thread, how obnoxious, haha",happy
"sorry, wrong comment train. just gonna sneak right by ya there.",stressed
great to hear that. scary few hours for y’all.,anxious
"no. if you want to make sure you play with people with mics, just put a post on lfg. problem solved.",overwhelmed
s p o o k y,anxious
try not to mix too much. it will get overwhelming and you'll just end up with bad trips.,tired
"i know, sorry! i didn't want to translate some parts but i thought i had to",stressed
then your goal of having one partner commit to you in any sense is inhibited by that.,stressed
then i’m sorry but this game really isn’t for you. progression like that would ruin the base of what this game is.,tired
one wonders just how awful [name] and [name] have to be before people will believe it.,sad
"""oh that wasn't me, my baby brother must have grabbed my phone""",stressed
"a pretty fundamental part of talking about racism is having a conversation about defining the term, not re-defining it.",angry
tfw the blood rushes into your penis,neutral
fair enough. i'm probably thinking of someone who still has some semblance of shame.,overwhelmed
"still, it’s legal weed. sorry, sad [name] here..",tired
i woke up drunk and mouthy,stressed
"it's crazy, the first day with icy, snowy roads it's scary but within a few days, grip and visibility sound like fantasy",anxious
this most of my sexual knowledge/techniques come from porn. but it‘s impossible to hide the fact that you‘re inexperienced.,stressed
he’s such a pervert.,angry
well it would be a man telling a man with no shame how to dress...,lonely
my mistake :(,stressed
"the type of gun he's holding. my bad, my joke wasn't as obvious as i thought.",sad
"extol is the band that introduced me to progressive metal in the first place, still my favorite genre.",happy
you could just omit the walking part.....,overwhelmed
ugh. gross,angry
hahaha. i was/am honestly surprised that is the only time i've heard of a parent calling a rapid.,confused
"sorry, the two different names made me thing those were two different places. ^ ^;",tired
i bring great shame on my family with my poops. if only i had the will of dear god emperor [name] to halt my poops indefinitely like is able.,tired
lol they died? like if you get reference,lonely
did i miss something? i don't think she's announced yet. someone could still beat her to it.,confused
"i dont mind these people dying, what bothers me is that some random bystander could be smashed by this guy should he fall",anxious
"hahaha, they are so lost",stressed
a hockey themed one with the looney toons meeting the mighty ducks would’ve been the greatest thing ever,happy
"[name] has filled a speech bubble with savage roasts, froze it, and bashed [name] over the head with it. [name] has fucking died.",lonely
hmmm sounds vaguely familiar.,neutral
i've always hated the 610/45 interchange. everyone slows to a crawl when there is no need to slow down.,angry
was really hoping he’d drive off with it (sigh),overwhelmed
plenty of places to build more damns in the wcape actually. damn's are not the way forward? what do you propose?,confused
"idk, i just need someone who cares but i always lose everyone and i’m sick of trying to be good enough.",anxious
i didn’t realise it,stressed
it feels to me like your dean has some baggage and you shouldn't let it weigh you down.,confused
"guess we don't need to be afraid of hell, then, 'cause we can easily get out.",anxious
"they mean that too often, people would accidentally reflect. tbh, it was pretty useless imo",tired
my rent was due on the 29th. i paid it on the 20th just to avoid this kind of stress!,sad
">yes, i know that you like to talk about yourself a lot :p i do use a lot of words. it's actually embarrassing.",stressed
what is scary?,anxious
that sounds terrible.,anxious
"no one ever laid on their death bed and said, “i regret not working even harder.”",lonely
here's a nice little introduction video for,neutral
brooklyn-boston playoffs would be the most toxic thing of all time. only sixers-cs would be worse,anxious
yeah no problem. here is the link to her sons foundation.,overwhelmed
now this is a contrapoints video i want to see,overwhelmed
i want a steamed ham with a combo of an eichel tower call or an ultralord goal.,overwhelmed
"but you clearly agree with most or some of his ideas, do you not?",confused
midland has a ton of smart people. a lot of petroleum engineers.,confused
i'm a poker pro i'm a pro at my job so i can lose money at poker,anxious
everyone is born an atheist. some gets afflicted with religion usually via their parents.,anxious
i'm sorry. does scholomance exist in the world of ice and fire?,tired
oops! the lack of free trade caused the death of 20 million proletariat!,lonely
i feel genuine sorrow for your family having to be associated with a cretin such as yourself,lonely
i wanna put baby shoes on my giant adult feet and baby stomp all over a cheesebreather's fucking toes,overwhelmed
what if gets in your belly button? and doesn't it trickle down the side?,confused
so glad she died,lonely
wish the blasters were more like bf1,overwhelmed
you're a horrible person.,anxious
"oh no way is it miners, it's blockstream fault they bought every developer that had commit access to bitcoin's repository. end of story.",neutral
"nice, thanks!!",happy
that was the middle school dream,overwhelmed
i know i'd love him when he joined but there's a part of me that just doesn't even want him,tired
that was brutal as hell. loved it,anxious
"weird question, have they tried his kentucky office or where ever he goes when congress isn't in session , maybe he fled the capital?",stressed
my cockatiel is sitting on my knee. i gave him a hug and promised no more pets.,happy
mdma makes me happily social. i wish the researchers would get on that one.,overwhelmed
excuse me?,confused
"been closeted for 25 years, i feel like it made me the man i am today.",neutral
i am seeing the insane clown posse there in two weeks and i have no idea how i am going to get home covered in faygo,confused
this is really great!!,happy
"i hope she's ok and that doesn't impact her life, career or hobbies",lonely
this ain’t too bad for something posted to facebook,stressed
"yeah, fuck [name]",angry
"that's just a bad close-out, gotta know [name] is bating for those.",tired
you must be really slow. life must be hard for you. you have my pity.,stressed
yes used to b bad into oxys been clean from any painkiller is 5 years beside subs,lonely
but is that a good thing though 🤔🤔,confused
you guys got hate in your heart,sad
i can't imagine how scary that was for you. what is wrong with people?,anxious
"this is nonsense. how is some random noise ""proof"" of anything? how is this relevant to this subreddit?",angry
[name] is ugly btw,angry
"i play eve and i’m a moron. if i can do it, anyone can.",stressed
id buy those shoes and walk in the dirtiest places just to piss [name] off.,angry
"excuse me, my friends cousins uncles brothers friends fathers nephews sons friends great grandfathers great great great grandfathers friend was a police officer back in 1776",stressed
oh that's so sad,sad
love it. more power to you!,happy
we will probably get our chance again next episode without [name] becoming a psychopath.,overwhelmed
yep. still don't know what you're talking about. come back when you actually read the pdf and become informed.,confused
"the only thing that would make this the tiniest bit better would be [name] installing flat screens in azusa 😂 thanks for the laugh, all were spot on",neutral
trial by jury of my peers is honestly my worst fear,anxious
yup [name] got cucked,happy
"- there is no such thing as moral capitalism - seizing the means of production is a communist thing, not a socialist thing.",neutral
you can see the regret in the eyes,tired
women wear makeup to threaten other women. it has nothing to do with men. same w all their weird mutilations.,angry
"my bad, i guess i should've read the whole thing, from opiate yes",tired
obviously not real but damn i wish it was.,overwhelmed
"holy shit i got mad at those 4 points you made [name], playing [name] like that would be literally hell.",stressed
"it’s all the anger, it ages her terribly",anxious
damn i wish there was such a service here.,overwhelmed
you’ve seen the world.. choose your regrets,tired
"i don’t have a problem with diversity, i just wish it wasn’t so **obvious**",overwhelmed
where on earth do you live that newborn non drug exposed babies up for adoption end up in the foster system? sounds pretty optimistic on her part.,confused
isn't that exactly what the dunning-kruger effect is - someone over estimating their understanding / ability?,neutral
i can understand political acrimony but the death of humor is really disappointing. very sad indeed.,sad
"i fucking change my mind, something wonderful has happened! please don't make me go dead, tomorrow.",angry
i can change mood for no reason on seconds. im happy ish. to sad or frustrated to anger and rage and not always in that order.,stressed
i’m so very sorry that happened to you!,lonely
i was tripping balls my first time.,stressed
mauston and monticello were the beginning and end of my hope,overwhelmed
who are these women messaging [name]? he looks like a very average-looking teenager.,stressed
"why do i seem to hit 6/7, and can't go any deeper without throwing up. i wanna see and feel more shit fml lol.",overwhelmed
he was transgender or wanted to be as well. super rare case in a few ways.,overwhelmed
"was my friends family... they had the wrong address, you're sick dude.",tired
so you reject your ideology's premise that you can just protect yourself.,neutral
really? there's a stick right behind him!,neutral
pre buff outlaw the rest just took time. [name] was pretty easy for me though.,neutral
lol i lol'd *i too am down with the kids. but not like that because that would be illegal*,anxious
that kinda happened to me at a chillibees once. i semi full on panicked. i grew to hate that place. and booths.,anxious
"that is not a life pro tip, that is a life rookie tip",angry
shamelessly stolen from three flavours cornetto posting,stressed
is the misspelling on the cake the only thing you see wrong with this post?,confused
"oh sorry, i forgot there isn’t any paperwork involved in getting a gun.",tired
we haven't seen him play since last split. i don't know what growth he could possibly be talking about...,confused
goth pale is lovely.,happy
i never knew cringing could be so ...cathartic.,stressed
i’m glad i was able to find a recipe that allowed me to use my christmas gift cast iron skillet.,happy
"then later, when you're using alcohol to drown your sorrows, at least the guy in the mirror is a friend that you can drink with.",happy
"rude to nxt. they need to just let her go. she hasn’t improved in over a decade, she’s never going to",angry
shoot i posted this in the wrong place. here you are several sources. happened last summer.,stressed
the photos are haunting,anxious
by the driver ?,confused
the dad was in stitches..,lonely
i'm sorry you have to deal with this. my mom does the same anytime she loses something. she accuses people of stealing whatever she lost.,angry
there’s nothing more oppressive than having all the power in the world and then having a minority group point it out to you,stressed
what the fuck edit: yoooo i swear my dooku just said one of his emotes in a different language,angry
after all that i expected it to not look terrible. oh well.,anxious
"he burnt out. give it some time. other option is he never really cared, but i find that unlikely. also maybe life just happened.",sad
"weird how ive been ""attempted"" the same scam twice and im just a nobody.. probably more or less amatur x'd",stressed
i do that too. i just feel oddly uncomfortable when i'm doing a task and there's no noise in the background.,stressed
he knows he's not playing as well as he should be. by that logic [name] wants out so he should go too.,sad
i'm so uncomfortable.,stressed
"we’re used to crazy cold weather but this is much worse, a lot of people are just staying inside till thursday.",angry
"it looks like someone else was deleted for answering, so i'm hesitant to now.",stressed
imagine if we dont trade [name] and [name] fans just kill all of us.,anxious
yeah thats exactly what i said. im too weak to do it.,confused
"let's wait till bfv leaves alpha before we plan the next one. but seriously, that would be a great setting.",overwhelmed
"i didn't know about this, thanks! just signed up.",confused
the dog has a very confused look on his face lol.,confused
ah from what i understood you could barely read the biggest line on the chart. i thought this was a general statement.,overwhelmed
"epic didn’t take the rights, skybound chose to work with them. blame skybound not epic.",tired
"sorry i took so long, it’s the pangolin! it’s a crazy mammal with armor scales!",tired
op literally listed the os requirements. those are fairly current operating (last gen more or less) systems are they not?,neutral
sorry about that. i hope the fix is more appropriate. thank you!,tired
damn.. fell for that one,angry
"oh no, the horror. look, a pause! let's start cpr! those nurses, probably",anxious
thank you so much . i'm really really really nervous.. i just want to cry.,anxious
thank you. i appreciate the advice and i agree with what you said about therapy but i'll keep trying.,happy
i have no idea lmao. one of the kids at my school shared it. 16. actually cares about politics. so l,confused
ohhh sorry. i got it now. thanks bruv,tired
"sorry pal, it’s actually one of my least favorites :/",tired
that's me every damn time,stressed
i have vision issues already and i kind of freak out without sound. i'm gonna have to say blind.,anxious
"[name]! he was just amazing, best contract ever, so sad when we lost him.",lonely
lol this never gets old,happy
wait. what. how?,neutral
"not a problem! i feel for everyone of you ladies, and yall all my my sympathy and empathy.",tired
"i really only do this after a while if awkward silence, which may make it even more awkward tbh",tired
this is one of my favorite of [name] songs although all of them are really good. either beautiful of funny all of them,happy
"the problem is that data shows graphics sell, gameplay doesn't. it really sucks though, i wish they gave us a toggle at least",overwhelmed
seeing people overtaking on the right makes me anxious.,anxious
"i'm sorry, i'm new. included the tl;dr and age alrdy. thank you!",sad
"nothing going [name] way tonight, lets just blame it on sickness and move on",sad
is that how you deal with people you disagree with? nice personal fantasy you have there.,confused
because the dude was fuuuuucked up.,lonely
it’s starting to get weird,stressed
lol he said it was the driver's fault and everyone called him out.,lonely
"also the infection that almost killed her because they tried to save the leg, leading her to get the prosthesis.",lonely
"a thing, and i’ve had my share of whistle pig pie. i hate me",angry
i agree. this is assault. leave the ignorant hill [name] alone.,lonely
i hate that song...i did not vote for it. a few of my songs i liked went at around 60-70,angry
"lol yes most people arent 100% either (especially women). for a variety of reasons...finding beauty in other people, curiosity, jealousy, etc...",confused
you're not my stbxh hehe. he doesn't type like you.,happy
they apologized for that episode.,tired
i wonder if belpedio will get a chance up here at some point.,confused
i believe so,happy
i have. take care,confused
umm did you see the guy? serious question. he looks like he gets into fights at the bar,stressed
"how about ditching palm oil, too?",confused
*pauses clip to make sure that's not me* we're good. what a disappointing [name]!,sad
i always thought it was his country could be wrong tho,angry
i am! and i have no idea! lol sorry. i have some of my own and i couldn't even name them to you.,tired
[name] unborn grandchildren disliked that.,sad
it’s so fucking creepy,anxious
minimum wage hurts small business more than it helps the poor.,confused
don't make me kiss you!,angry
so can [name],neutral
so sorry about your loss. it's so heart wrenching xoxox,lonely
because im going to feel sorry for the death of someone who assaulted me. sure thing buddy.,lonely
constantly worrying about her and not feeling pleasure without her presence could be. you need to talk to a therapist.,sad
"only if the fights are between chimpanzees. [name], those things will tear you to shreds",anxious
"> a hug from [name] that’s a bit too big of an ask, fam.",neutral
i like how the [name] stood there like what the fuck and then just accepted his death.,lonely
"as [name] says,""just put your emotions over there and eventually you will die""",sad
"at the very least it is an emotional affair or the beginnings of one, with less than truthful explanations.",confused
"science is measuring what we see. i also notice that you didn't respond to anything else i said, which tells me that you've got nothing.",sad
"i'm not sure she says ""my"", we'll have more occasions of hearing it again though :)",neutral
this just made me feel so much better about myself :),happy
good point. thank you. my condolences for your own loss.,lonely
"sorry, what?",tired
guilty of doing this tbph,lonely
there's doing stupid things when you're young. then there's doing horribly stupid things when you're in your mid-30s and you're already active in politics,angry
i got bit by a pomeranian while doing a dash...,anxious
now let's just hope session also becomes season.,overwhelmed
this is the worst take i have ever heard on cooking ever.,sad
is that at beachtown?,confused
the least offensive example of anyone i've seen telling me to go fuck myself.,stressed
when that intro drops i get so into it and scare my cat,anxious
i assume he likes it and wants to share what he loves.,overwhelmed
solid r/thisismylifenow material. i love it. they’re such gorgeous dogs!,happy
give me $100 and i'll text you something fun. sounds like paid sexting to me.,overwhelmed
bet they're like 12 lol,happy
nothing good can come from knowing. just let it go and focus on the relationship in front of you,angry
"oh dear, i'm so sorry you are going through this. i don't have any sage advice but i hope things get better for you.",tired
how so? how do you keep stupid people from voting?,angry
lol. good one dude. you really showed me. great argument. really showing off your intellectual prowess. keep up the good work!,happy
that looks like a wig.,neutral
wouldn't you say [name] and [name] are part of the same generation?,confused
"i need the band name on his hoodie for, professional reasons!",overwhelmed
"weird, huh, how people always seem to look for ways to justify our per capita emissions.",stressed
you guys are so cute together! good luck with the de-stressing!,happy
when you’re having a dream and the psycho is coming for you but you can’t move...,anxious
"the questions are normal enough, but all at once and leading with them is a little weird.",stressed
"yes, always during exam periods. and she was saying to everyone she was supportive and letting me focus on my stuff.",neutral
not a good couple hours. a full 33 days.,angry
i can’t wait for this narrative to stop. dlo has the best numbers just look.,neutral
she needs a raise.,neutral
"wait, mario odyssey? i love that game, but isn't it a little old to be in the top 10?",angry
"apparently, they couldn't believe a massive corporation (that they're loyal to) finally called them out.",confused
they probably died anyways,lonely
>why are you so worried about my comments when you live in wisconsin ...what?,anxious
ahh gotcha - thanks :),happy
you've had sepsis 3 times? shit. i'm 27 and i don't recall every having a single infection,lonely
fear the turtle,angry
that’s a... tough decision. that dog better be able to talk.,overwhelmed
this is perfect,happy
easy breezy beautiful cover girl,happy
"you forgot about argentina, 30k people died here because of the usa",lonely
it’s one of the nine characteristics of bpd. probably most people in this sub have struggled with some sort of addiction to a degree.,neutral
horrible waste of time.,angry
i am so sorry those kind of people make me sick,sad
"you don't suck, jazz is amazing man. thanks for a album to listen.",happy
ok. i didn't know we discussed this topic. have a nice day.,confused
i’m kind of overdunked actually,stressed
"""oh no, my blue heroes died, it's probably very bad, time to concede"".",lonely
no it's not. it's two people legally allowed to kiss kissing. whatever stigma you have is yours and not shared by everyone.,neutral
i would suffer a heat stroke or die of diarrhea,anxious
i also relate (and regret),tired
it's weird knowing that the people in these pictures are actually real you kinda forget sometimes,stressed
i'm surprised [name] hasn't had a chance to be called up,confused
this isn’t even them not getting it. they just misread it as a whole! why bro lmao,confused
this is a rough sport we follow. simply training makes you pay the price.,sad
yeah i misread,sad
what happens when a jedi gets ptsd? play this game to find out. hint: its fuckin bad news son,lonely
great post thank you ❤️,happy
i’m so sorry for your loss. it’s the smallest things that take up the biggest part of our hearts.,tired
"did a fanspeak mock, wow i wish this would go down for us",overwhelmed
this truly is the best a man can get.,happy
"my favorite pod when they are fresh & clear. sadly, all of my recent packs look like dark brown syrup pods.",sad
omg the bra hanging out of the back of that dress is so cringe.,stressed
don't forget those ungodly concoctions with apple cider vinegar,anxious
prayers for dipo you guys. just had a gruesome injury,lonely
knew you weren't from here. i don't believe your story though.,angry
i'm afraid i'm gonna have to go with what he said about an hour ago. unicorns. he just ruled out any sort of,anxious
"(f) actor here as well, also willing to learn anything and everything involving film!",overwhelmed
amen. although sometimes you look up and have to look back down before you lose the wood,lonely
that username lmao,happy
guilty as well!,tired
i believe this is called darwinism - the suicide by tide pods anyways. the murder part with the blindfolds is just tragic.,lonely
"my parents died. i wish they were someplace warm that i could visit them with their grandchild, and they could visit too.",lonely
those who can make you believe absurdities can make you commit atrocities.,neutral
what about urban [name] supporters who are socially liberal and want to see tax dollars used efficiently?,confused
ok what other characters is her gameplay similar to?,confused
"the ""nice, nice."" is really cringy for some reason.",stressed
"i'm sorry for your loss ,[name]",tired
hope this place will still be around in a few years time!,overwhelmed
my heart broke for him when his wife suddenly passed away. i worried about him with his issues with depression but he seems to be doing okay.,lonely
i believe [name] solved this issue back in 2004 with the racial draft,neutral
this is the best creepy pasta i have **ever** read.,happy
[name] damn i wish you was located near me haha,overwhelmed
this is so not aww.,angry
"halep just can’t handle kanepi, #1 is about to be wide open",anxious
"sorry, i phrased that wrong. i meant that as a asexual, i get that a lot",tired
except when you get put against the same 6 stack 5 times in a row and they smash you every time... was not a good time,angry
damn look at [name] and his insane get off. we could use an [name] now probably now than anyone on this roster.,happy
same. but the 21 point lead drew me in.......who knew you can lose by double digits leading by that much.,sad
"yes, you have a butt that won't quit, after all!",neutral
fart. far less humiliating particularly in front of family or strangers,neutral
"i haven't messed around with it that much, everytime i go in it seems like people are looking for players way better than me.",angry
and it’s super awkward with someone you barely know.,stressed
haha sorry i’m still pretty clueless about this app,stressed
happy new year. 🍾,happy
you can see the regret in the eyes,tired
she’s his problem now.,neutral
i once overheard my grandpa telling my brother that “anything more than a handful is a waste”,confused
those are some nice guns,happy
"the same mr. [name] to appeal to the alt-right boogie, yes.",neutral
i can't believe offense blew such - oh nevermind.,stressed
"last year preseason was in december, but the season started in january. i expect pre-season to occur some time during the second half of this month.",overwhelmed
what? shut up?,angry
"well folks, no more amputations for diabetics, as it leaves the individual permanently disfigured...",anxious
somehow i feel like it needs an nsfw tag.,anxious
"yes, because i've always wanted a father figure who throws a tantrum every time he doesn't get his way.",overwhelmed
only 2 days ?,confused
"me too, but glad this creep is getting attention for his creepiness outside of r/kanye",angry
[name] man..... i hope this is just one of his overdramatic moments on the floor... he's scared me like 5 times this year....,stressed
heat back in the day. you would go in and there would be a horrible mix of joop aftershave and bourbon in the air.,anxious
"cheers, [name]!",happy
"if that's what you call ugly, i'm basically a hangover vomit that someone stepped on lmao.",neutral
i wanted dallas to win today so they could lose next week. i don’t want la anywhere near the super bowl.,overwhelmed
oh good lord what did i create,confused
"shut up, [name].",angry
yeah i totally wasn’t going to until i saw this comment.,overwhelmed
not really cringe. just sad.,sad
oh this poor sap,lonely
i'm really excited for [name]. he seems to be continually improving in this stretch of games. i'm hoping he stays up once [name] is healthy.,neutral
the totalitarian nature and outright hypocrisy and doublethink of so called progressivism never ceases to,neutral
all i see is a missed opportunity to pet a wolf tummy.,sad
was that a thing? please tell me this was not a thing.,confused
can we call it the swamp monster?,confused
have you read /r/neet ? you'll find that not all people hate being unemployed - they choose to be unemployed.,angry
< video does a good job explaining push/pull.,happy
just another day in the life of a scottish football fan remembering that sky sports are absolutely shocking i suppose.,confused
hugs. we put our sweet lady kitty to sleep one year ago tomorrow.,lonely
that was a fluid motion and it scared me,anxious
man red dead 2 looks so good,lonely
"i still have no idea what ""died three times"" means...",lonely
how blurry this photo is r/mildlyinfuriating,angry
i don’t think it was a freestyle? so not really comparable?,angry
"most boring girl i ever went on a date with was covered in tattoos and piercings, and worked at a piercing parlor.",sad
and the purse tacos!! need that midday snack!,overwhelmed
"pregnancy test. no matter how old i am, i am still embarrassed.",stressed
"i read it as ""so long suckers"". that's how those words translated in my mind..",neutral
"get out of here with this, dude.",angry
"do i come across as thin-skinned? hm, never noticed. maybe it's an allergic reaction to dishonesty.",confused
this post and thread are killing me,neutral
70% tax rate is a terrible idea,anxious
i'd like to add spontaneously experiencing unending self-loathing because you suddenly remembered that embarrassing thing you did 3 years ago.,stressed
"idk why everyone's being obnoxious. i thought this was a good post, op.",confused
"ick! that makes me feel gross. i have ""addison's disease"".",anxious
"nope, this is just older people not understanding how teens actually communicate",angry
catch him in the act. spider-man with his hands in a cookie jar.,overwhelmed
"welcome to the party, pal!",happy
"[name], [name], and [name] should make the world cup",overwhelmed
so sorry about your loss. it's so heart wrenching xoxox,lonely
"sorry to say it, but you will have to do that for now it sucks",tired
i think i met you. sorry if i was a bit standoffish.,stressed
you're lazy,angry
at least you can't be strangled with a mobile phone.,lonely
i’m battling depression and anxiety and having a healthy diet and loosing weight has helped me,sad
i thought it was but didn't find anything in reddit's horrible search. thank you and i apologize for this.,tired
warriors ruined him tho,lonely
wow! i didn't even know there was a handball world championship.,sad
i mean you're calling [name] a face... so...,confused
"the intro in that video looks like a sand storm on there, imagine a sand storm while playing ga on that map, it would be awesome!",happy
"grew up in the south. when i left for college, i was very confused why people were walking around with smudges on their foreheads for ash wednesday.",confused
wimbledon’s instagram posted about [name] and his relationship with the open and i ended up crying. not ready for him to hang it up,lonely
that poor cleaning lady,tired
"the abilities look cool, but that trait is a little dull. it's almost exactly the same as [name].",angry
i went to the exhibit in chicago some years ago. it’s absolutely stunning,happy
yes. a couple days ago,neutral
imagine caring about last laugh this post was made by the warlord gang.,happy
[name] looking like [name] out there,neutral
you could wish for it to cure stupidity atleast. obviously it doesnt.,overwhelmed
i don’t think that tells us any moralising lesson on the practice of incest.,confused
hard. social anxiety/general fear/uggoness kept me from actually getting dates and i was extremely awkward when i finally stopped anxie-puking to actually go on the date.,stressed
i had a similar fear last month after exceeding the two hours in a homebase car park.,anxious
"if it's a real challenge for you, u can help you with a ban. then it's trivial",overwhelmed
the “targets” so far has been guilty.,tired
pecan pie to 0 cals. i love it and i can't ever eat it and i want it so bad!,tired
i set the house on fire and almost killed my entire family,sad
and he's showing off those tiny little hands,neutral
"you're analogies are terrible and prove the opposite of what you were arguing, numb skull 😂",anxious
being misunderstood really is the worst thing ever! i’m sorry some people are so unkind.,sad
oof i’m glad this was the top post bc i literally came here to post it after seeing it on facebook,lonely
is it bad if i didnt even know he was on waivers....,stressed
well i wish we could all get along too.,overwhelmed
"i wanna fight freely in a da shitposting, but i want the bromance more.",overwhelmed
can’t fault you there,tired
i’m so very sorry that happened to you!,tired
no. can’t get off to my own sex.,sad
"i'm sorry you're going through that, i wish i could help somehow :c.",tired
[name] these things were terrible. i presume they still are. #teamlemoncreams,angry
i believe! i am sad that likely no one else will see it besides me...,sad
"therapy now! who hurt you? first of all, i'm very sorry that happened to you but you are loved...",tired
"this live meet the queens is awkward af, i’d rather them produce this and make us watch nicely edited stuff.",angry
[name] sweetie i’m so sorry,tired
why did i expect this to be anything other than what it is,confused
bitch yes!,angry
oh my bad hahaha,stressed
i don’t fucking care,angry
found the selfish and shitty anti-vaxxer in the thread. how many of us have to die before you get your fucking kids vaccinated?,sad
this guy doesn’t know how to life...,sad
the other person was [name] on hell's kitchen. shot herself in 2007.,neutral
"haha came here to say this, that shit spun me out right proper it did!",happy
"moose is pretty underwhelming tonight, i miss jv",sad
that's gotta cut deep!,anxious
"ok, so you're not actually going to rebut anything. good night.",sad
somewhere to buy a hella warm winter coat? #polarvortex,confused
are you implying that pundits rightly criticising shite refereeing is responsible for folk threatening [name]?,confused
"shame ,your quite cute",lonely
not bad at all.,anxious
kinda sad to laugh at people who really need serious help.,sad
"seeking, not expecting",angry
wow now i know there's a twist. why even watch it?,angry
"i'm with you, pulju has been looking dangerous lately",sad
thanks for being here. :-) we can always use allies.,happy
i feel you. i hate needles and i'm a type 1 diabetic,sad
i can't help it when everyone just loves us ¯_(ツ)_/¯,angry
didn't know about him being a teacher. camp bucca doesn't mean much though. plenty of foreign fighters ended up in those type of camps.,stressed
i once looked for my phone with my phone flash light,stressed
who fucking cares. people have sex all the time. you're just an asshole for trying to to profit from it or ruin her.,angry
[name] was far from an assassin. she had one amazing performance but that was it.,happy
[name] i wish that was me.,overwhelmed
this report is going to be bullet proof,neutral
that whole thread makes me want to shake babies.,overwhelmed
yeah this is what im currently witnessing with my nephew and nieces. i wish i can do something about it.,overwhelmed
i drool over elijah woods,stressed
that makes me super hesitant. i wouldn’t be upset if we end up with him but the last thing this team needs is raw players.,stressed
the broadway store was popular too. i get that it's regulated now but it's a shame.,stressed
not admitting you like something because some of the fan base sucks is pretty pathetic.,sad
"oh thank [name] another commercial break. i was missing all these repeated, terrible ads",happy
"""i *need* to smoke this pot because of my headaches, tylenol doesn't work for me"" *proceeds to use tylenol other days*",angry
that poor snake,sad
try not to mix too much. it will get overwhelming and you'll just end up with bad trips.,happy
i was the vegan in this story. i have since stopped my foolish ways and have since become a nuclear alpha mega chad.,stressed
we need more boards and to create a bit more space for [name]. then we’ll be good.,overwhelmed
omg if wow sue’s her then my depression would be cured and i’ll have my jush,happy
no worries. have a nice day.,happy
can i see it?,confused
"doesn't matter if we stop, everyone else will do it. you're telling a whole world looks don't matter, yah good luck.",happy
i’m not crying... i’m just cutting onions... i-i’m making lasagna..,neutral
she would be devastated! whatever you're going through won't last forever... this will pass!! ask for help - find someone to talk to!,lonely
i'm so sorry that [name] has convinced you that his insane aggression isn't important.,lonely
it's a shame that anyone has to deal with that sort of feeling. i'm sorry that you had a similar experience. no one deserves that.,tired
"actually feel sorry for her. she has depression and low self esteem, this is not going to make it better.",anxious
"already have one of those, mate :) just looking for a good replacement so i can continue using my [name]",overwhelmed
look i'm not saying i don't understand your sentiment but we really ought to save this one for people openly advocating for genocide.,lonely
it still cracks me up when people call me [name].,sad
my heart is breaking for you op... good luck on your job search though!!,happy
this makes so much sense. seems she has been icing me. time to call it quits,happy
i wish i could get the entire interview but it's from a siriusxm radio show,sad
i’m gonna stand here and watch you smoke every one of those cigarettes! maybe that’ll teach you a lesson.,confused
depending on your specs. insurgency sandstorm is my go to game. coop is also a blast.,confused
hit or miss would anybody care or miss huh..? aint nobody love me and ma dad also left me yuh...,sad
oh that makes sense. but still i think asking a girl to touch her boobs is pretty creepy xd,neutral
"no prob, comes with the territiry.",neutral
i guess his performance at blocker’s kid’s wedding sealed it.......,neutral
i'm not a victim at all. you're just a desperate loser who spends money on a guy he could watch for free.,angry
opinions? i mean that's just a statement.,neutral
take some time to ponder why you fancy yourself intelligent when you revel in pedantry and can't even understand such a simple point.,angry
y'all really out here supporting authoritarian venezuelan dictators huh.,stressed
"although he is best girl, he can never love :( he litterally doesn't have a heart",lonely
this is just a stupid question. the answer is who cares? [name] is on an entirely different level from [name].,stressed
"ah, a classy man",neutral
"it's still interesting to watch though ... from far away, with no personal involvement whatsoever.",happy
"interesting. even if most disagree with it, i'd love to aee a resurrection of some sorts in ix.",angry
"and the new sword is kinda shitty, and not even a complete sword at that price. also, the sword is really bad for the environment.",stressed
[name] is my main.,neutral
so edgy.,anxious
"cringe, dude. you’re really reaching.",stressed
"sorry fam, but this is a repost on this sub as well.",tired
"i'm curious to know, why did you behave like that when you were young?",confused
hope your friend is okay.,happy
"oh, how i miss real spicy chinese food. day after, not so much.",sad
"oh, i saw it. i was giving him the benefit of the doubt to see if he wound up saying the quiet part out loud.",anxious
"i have been saying this for a long time, he is way overpaid and the forward position is our main weakness since [name] left.",anxious
precisely this. i don't see why this is such a hard concept for some people to grasp.,confused
"my wife's birthday today, we are going for dinner with my lovely girlfriend later, after meeting at ours for coffee and cake. very happy",happy
ok then youre leaving the enmey widow uncontested to kill your team. genius.,happy
"not only do they make me cringe, i become angry because usually or is my nmother and her flying monkey daughter posting them. just horrible.",anxious
"[name] may lie but he doesn’t when it comes to important things apparently. jobs, security and anti war",anxious
"whoa, should've said that in the post. threats is not good. i'd find a way to live away from him asap.",anxious
"no phone, can't help....sorry?",tired
that would’ve tasted a lot better,angry
never underestimate the stupidity of people,sad
> it's crazy you don't understand this. i r o n y,angry
"[name] would be fun [name], [name], [name], [name], and possibly [name] would make us prime contenders for hard knocks",neutral
"wow, the menacing head shake...(shivers)",anxious
apparently. i genuinely like [name]. why can’t i reminisce without being judged. good grief,lonely
nobody is ever the only one to think anything.,neutral
"presenting as a guy because you're not fully out yet, and still being read as a woman by a stranger.",neutral
anthem is a good 45 min from scottsdale and the rush hour traffic is a nightmare.,anxious
i don't think [name] gets enough hate for pushing that.,neutral
"i was too legit. too legit to quit. now i’m not legit. i’m un-legit. and therefore, i must quit.",confused
*when.* when he wins.,confused
i take showers at night and i desperately need one atm. my hair has been really greasy recently.,overwhelmed
updooted like the filthy animal i am.,neutral
fuck the caps!,angry
"thank you for the archived link, i have a nyt paywall .",happy
"the day i get the phone call: ""your nmom/ndad/nbrother have passed away."" ""fuuuuuuuuuuucking ***finally***""",lonely
"“[name], i tried to make ramen in the coffee pot and i broke everything” - [name]",tired
need to go middle of the road no [name] is going to vote for [name].,angry
i would love to be on the show!,overwhelmed
hate to say it but having a veteran like him and [name] in games like this can make a difference,lonely
me. i really needed to see this. ☹️,overwhelmed
nice! i missed the babybel.,sad
please get them into it. toronto needs a better barn,overwhelmed
i feel like they are hateful towards everyone but that might be me not understanding their community,confused
why are you sorry for your grandma? she did what she had to do in order to get what she had paid for.,neutral
that canopy looks like it could take someones head off.,stressed
"i’m sorry, you just sound like one of those people who takes overwatch super seriously and has no life",tired
"what an awful video. i just wanted to see the jump in real time, not 10 cuts of the start, followed by 1 slomo finish.",angry
"thank you for your feedback, i was just trying to tell you my reasoning behind it sorry if i came off as angry.",stressed
"good lord, that 'chandelier' made entirely out of antlers is pretty ridiculous 👀",sad
good luck. i'm hoping to get hrt this year and be a girl for my senior year.,overwhelmed
"eh, i find everything being dead a bit more gloomy than a few clouds.",lonely
whoops! my mistake,stressed
i just never felt like a boy. i hate my body and i just feel like i can't express myself for who i am.,stressed
"pregnancy test. no matter how old i am, i am still embarrassed.",stressed
i dont know this one (new or yet another alt) i can't take people seriously when they have a hidden agenda for these questions,neutral
"wanting to have immigration controls is in no way, shape, or form racist.",overwhelmed
this is extremely state specific.,neutral
looks like i posted it. oh no!,stressed
"like they ""went for it"" against the [name] administration for lying the nation into war?",lonely
those thighs are thick and are probably suffocating him.,anxious
sorry thought you were the other guy that said it was a privilege.,tired
they blew up my feelings :'(,sad
"take your upvote, you no good bastard.",angry
"hey, i'm not saying it's autotune. i'm just fucking around. that long sample gave me a good opportunity to improvise.",tired
i got mine a few months ago and honestly apprehensive to wear it out to a game in fear of staining it.,anxious
i sleep alone on the floor. that was a bad idea...,tired
"i'm sorry :( i hope this year ends up being incredible for you in ways you never anticipated, to make up for it. hugs.",tired
i wish i could’ve had that kind of relationship with my mother.,overwhelmed
also makes you a lot more likely to repeat mistakes.,neutral
after that we had no sustained damage for the fight so [name] and [name] just killed [name],lonely
i've seen shot caller. that's what i've decided prison is... so yeah. sorry boys.,tired
and happy cake day.,happy
"i would prefer this over her being a completely random person, which makes no sense and was a tremendous misstep in this family saga.",neutral
pretty please!?,overwhelmed
this describes his tweets so perfectly lol >at no point during your incoherent rambling did you even come close to what could be considered a rational thought,overwhelmed
power trip blindness is scary; how someone can't see the obvious aftermath of acting like this with their employees?,anxious
"it's brainwashing. when you have people keep pleasuring themselves, they're easier to manipulate.",sad
people are legitimately monsters.,angry
bournemouth v chelsea took under 3.5 3-0 then in the 95th minute bournemouth grab another. feels bad man,tired
"i want you to, please tell me.",overwhelmed
hell yeah! make sure you get your tickets in advance because we are getting very close to selling out!,happy
> it's a bad precedent to start once this community grows. community does what?,neutral
cut the guy off and gave him a yes-no question. which he exasperatedly answered. this is not the way to listen.,neutral
[name] on a pretzel. that is just...fucked up. those comments are absolutely...i can’t think of anything awful enough to describe them.,angry
sad for the people who contracted measles. angry at the parents who didn't vaccinate their kids against measles.,angry
oh yeah. i love stepping out of the tub and putting my wet foot on cold tile. more like thanks i love this,happy
that's so creepy,stressed
help me [name] i'm bully in high school for no reason.,anxious
the jockeys one is amazing i don't know what you're talking about.,confused
seriously? in dutch right? because... he's so awkward on his youtubes in english.,stressed
i'm sure the cleaning bill he caused isn't even remotely offset by the flights he's purchased.,neutral
"that makes it a really bad stand if you're a hero, though, since jojo villains get a +90 modifier to dog-killing",neutral
i'm confused. is this post finished or is u done?,confused
the only excuse for folding there pre is timing out. ever. (i really hope that's what happened),overwhelmed
the babylon bee article makes me worry for [name] comic tastes.,anxious
it’s possible that the dog just escaped. especially since it might be excited by the massive crowd running,neutral
my arms only seem small because my love handles are so big,happy
you too. glad to hear your respectful voice again,happy
this cut so terribly deep and touched places i had hidden away. i'm at a loss for words.,tired
swap places? i'd take your place over listening to my father complaining about how canada's not conservative enough.,overwhelmed
i get scared just reading your flair,anxious
super boogers is one of the super weird and oddly satisfying parts of recovery imo.,confused
that's really sad. i used to live not far from there and spent a lot of time in that park. fished in those ponds many times.,sad
i dont know.,confused
it’s 2019 dude chill out with the gender roles edit: it’s 2019 i’m tired sorry,tired
everyone's invited,neutral
this should be everyone's wish.,overwhelmed
such a nasty woman,angry
"oops. i assumed, wrongly, that it was the same person.",stressed
i can help.,happy
"we don't undervalue him, almost any and all experts thing he is just not worth his contract.",angry
i’m incredibly jealous of you and yours. congratulations. maybe someday i’ll have someone.. but i dream.,tired
"oh man, you got me there with the image",stressed
not sure but i imagine it's the liquid. the gel is just gelatin.,confused
"pretty fukkin sure lmao, its over fam, doing another trumpdown would kill the gop so they wont let him do it",happy
her face oddly looks way narrower in this picture.,neutral
and it’s always so uncomfortably awkward when someone says shit like this to you.,stressed
i’m sorry to hear this. live a hell of a life for your mate,sad
i'm so sorry,lonely
"sorry bucko r/necrophilia got taken down, i think your in the wrong place buddy. here i’ll call you an uber, take care of yourself.",tired
but... but [name] literally wanted to murder almost all the polish people.,lonely
you really going to claim our foreign policy is equivalent to that of iran and russia?,confused
it’s 2019 dude chill out with the gender roles edit: it’s 2019 i’m tired sorry,sad
"there's no need for anger, but cringe and embarrassment are called for.",angry
"ironic. he could save others from death, but not himself.",lonely
awh you're hurt,happy
"you know the answer man, you are programmed to capture those codes they send you, don’t avoid them!",neutral
i think the best way to communicate that you’re not sure is not saying anything about it,overwhelmed
"my dyslexia read that as ""mcfucking brilliant"" and i was wondering if we could make it a thing.",confused
"no, we both know you are liar. thanks for convincing me to block you.",stressed
why not streamlining that: the fine could be converted to the coverage for the poor students. a good gesture from legislators would help so much.,happy
"hell yeah my dude. and the best part is, if i had the money, i could get either or both of those right now :)",happy
... [name] derangement syndrome sufferer spotted. what drivel you crazy lunatics say... the lies and falsehoods along with the out of place fearmongering is getting really annoying...,angry
[name] is often regarded as strategically the worst lord in the series because of this. [name],lonely
what a cringeworthy load of kak this is. wow i have no words.,anxious
only misogynistic people are offended anyway. most men would look over a gillette commercial about rape the same as they would overlook a tampon commercial.,stressed
his wrists are too small ☹️,sad
"i love you, brother.",happy
what a bizarre way to normalize the psychological path to becoming a violent criminal.,lonely
"turns out, that daddys little girl is a thot, who also takes drugs. no wonder she fled her country.",angry
lol i got bottled by one of them in a brawl with a bunch of the nazis,happy
"girlfriend is straight off of shop hush social app and onto reddit. someone tell her, its slightly embarrassing.",stressed
lol this was cosmetic. thankfully both of mine are alive and well.,happy
thanks. that's a handy resource. my question remains unanswered.,sad
this mom wants her child to die,stressed
you didnt even ask the parents if they agreed to let him in the back?,anxious
i’m sorry i only have orange ones :(,tired
yes... you little crybabies call them fascist too? people who kill fascists are fascists right?,confused
"maybe if you held onto the intestines, eventually, the pressure of fecal matter would build up until it explodes, killing the individual in the process.",angry
"tyl has got to be the most cringey, condescending thing i've seen on reddit in a while.",angry
"i see, unfortunately i don't think equity has ever turned out well in history. humans have tried many times and failed with catastrophic consequences.",neutral
girl i went to school with was killed like this.,sad
"[name] and [name] were the ones i had in mind, but i'm not surprised they're not the only ones from what i've heard.",confused
yeah. whose fault is that... maybe the terroristic gazan government stealing all their money. i’d say that’s a safe bet.,confused
shaming men for trying to solve a problem on their own is actually an example of toxic femininity,sad
"the fda has plenty to criticize. but like here, it's usually criticized horribly off base. it needs to grow some balls and actually enforce things.",angry
"life is nothing but a hell filled with torment, misery and loss.",lonely
sarcasm :),neutral
omg kids are dying from polio??,lonely
this is why i stopped watching. :( the brutality was disgusting.,angry
would love to get my hands on a dia de los muertos.,overwhelmed
everything was flagged as adult so there wouldn't have been much left,sad
"after they put the bullet in it i wouldn't be surprised if it got scaled back even further, considering just how much of the community up and bailed",confused
"quitting porn only helped with my performance in bed, other than that i’m still anxious as hell in social spots",anxious
[name] is a very nervous insecure man because he's got all them ringzzz he has to protect.,sad
"super petty. the story makes you sound pretty jealous and controlling, as well. especially the ""sjw"" line... it sounds like a 16-year-old incel.",lonely
"doesn't matter if we stop, everyone else will do it. you're telling a whole world looks don't matter, yah good luck.",sad
i miss [name] wish we could trade back for him!,lonely
was that before or after he murdered over a million [name]?,confused
"i do that anytime i see something pointy. i'm just like, ""i wonder how it would feel to stab my eye with that.",confused
i'm sorry but this sounds very much purposeful. how exactly is headbutting someone an accident?,lonely
my favourite scene in the movie.,happy
"as every politics expert knows, there's an eternal struggle between the holy roman empire and nazis.",happy
"you forgot about argentina, 30k people died here because of the usa",lonely
i'm sorry for your loss. truly. i hope you and your family are doing okay.,lonely
yeah but if you do have a problem you'll be faced with a very difficult decision.,stressed
that's how i used to feel but contracting oneitis added a heaping shitpile of loneliness and agony on top,sad
how many of each have been killed or injured?,confused
> 333 brothers and sisters are here now so much cringe.,stressed
"[name], i forgot about that. eight seconds was more than long enough to murder everybody in sight.",confused
idk i’d kind of like [name] to come up next year. [name] still scares me a little. not saying i don’t like the guy,anxious
when i think about [name] and [name] at the same time i get a fucking aneurysm from the stupidity.,anxious
are you looking for clear blocks of ice or just plain blocks?,neutral
this world doesn't deserve baby sloths!,angry
"i thought oh boy, i probably use everything on this list. turns out, nothing. fuck nestle.",confused
there is no way around it :(,tired
the embassy staff has already been expelled from the country by my understanding.,happy
"for real. i can understand holding the enemy in a useless area, but people gotta keep their eye on the ball.",happy
"i really want [name] out of these two, but i’m curious who he would tap as oc.",confused
sakura drops & goodbye happiness,sad
that's what i ended up actually doing.,sad
i wish my mom was catgirl savvy.,overwhelmed
"trust me dude, switch to stick deodorant and cologne.",overwhelmed
i’m sorry. it was nothing to be angry about,sad
oh shit. i'm so sorry! 😂,tired
i wish everything the i was going through was a hallucination,lonely
"i hope you're pregnant, i'm not doing this anymore... gx",stressed
if you want an og dragon ball rep then throw in roshi,overwhelmed
she is looking like [name] to me in this pic.,happy
must be a nice feeling...unless udg is counted.,tired
ohhh i didn't catch that :p,stressed
i wanna die!,lonely
lmao my jaw dropped when she started talking about that stuff with her friend,happy
"been scoring big on the groudons.. caught 4 so far. edit: no, no shinys yet. i've had the worst luck with shinys in this game",sad
"more insults, [name] said my bit now all you have is a show that proves what i said to be the truth, nothing more nothing less.",stressed
oh man i didn’t know it was a repost but i tried trimming it after seeing on the gram.,confused
how ignorant of to care about the safety and well-being of others! shame!,sad
"yeah, there's even more registered online. scary.",anxious
i appreciate your honesty.,happy
"as [name] says,""just put your emotions over there and eventually you will die""",lonely
"[name] after he declares he loves playing fortnite, wants to play with his brother no matter what and loves vancouver.",overwhelmed
"minion #2: so should we warn [name], master? [name]: ew no lol",anxious
are you [name]?,confused
that is so beautiful. it makes my heart hurt that humans can be cruel to animals when they're aware of having so much emotion.,sad
*hey just noticed..* it's your **1st cakeday** aerosvision! ^(hug),happy
i wish this was animated.,overwhelmed
"i just heard about this, its pretty cool.",happy
"i can only imagine what we call it when you have sex, then.",overwhelmed
i'm a guy and i'm squirming. my wife asked me what the hell i was reading and i told her. she said wtf really loud.,anxious
as a society we should be ashamed of the fact that this is even a question. let the suffering stop obviously.,stressed
you know it’s bad when you grab the toothpaste and start reading it,neutral
"you don't even provide a verifiable example, why should i accept your evidence.",neutral
"man, [name]. what a shame that trainwreck turned out to be.",lonely
"thanks, i appreciate that. it's about what i expected though. sadly, i'm used to it.",sad
omg those tiny shoes! *desire to boop snoot intensifies*,overwhelmed
are you saying the ones who suffer most are billionaire psychopaths? i’m confused by the wording.,confused
i know 😢 it’s one of my life’s goals to see a moose in real life despite how terrified i will be lol!!,anxious
"i was kicked, and apparently don't care about oversharing on reddit about it anymore",stressed
"when ever i’m feeling depressed or alone, i’ll just image you and think “it could be worse”.",sad
"very true, honestly. hopefully one day indiginous issues won't be a political career killer, and we'll have a pm that dares to do something.",lonely
> this isn't where i parked my car seriously i can't find my car.,anxious
i’m so sorry for your loss... if you ever want to queue pm me for my steam,tired
but the question is if they want to rapidly increase their volume. maybe they're ok with current state of things.,happy
cardinals/ [name] mnf. give the people what they really want!!,overwhelmed
happy cake day man,happy
yes. i often dream of death or further isolation,lonely
"oy vey, [name] 🗑 is gonna be *pissed*!!!",lonely
and how the fuck isn’t the man dead and there is a freaking rock 10 times bigger than him,lonely
there’s a cat sitting on my lap right now she’s so cute,happy
presidents using these robots will loose all legetimacy. they will become dictators. people should invest in good cameras to document the events and share it everywhere.,angry
"like it was over wayyyyy too fast for a real one. shit, the taliban lasted for years, and isis is still a huge problem.",anxious
"it looks like someone else was deleted for answering, so i'm hesitant to now.",confused
i gasped. this sucks. he was very very sick and i hope he's at peace.,lonely
"[name] and [name] may be stronger, but [name] just gone mad. she's lost the plot for sure.",angry
i hope he isn't scared to over power the thibs guys on the coaching staff. it seems like he is a hestitant to make any major changes.,anxious
you forgot about cats. they’re all talking about their cats.,sad
lol why would anyone willingly go skew the curve against them you dumbmotherfucker.,angry
this man just posts facts and got -220. he told them the truth and they hated him for it.,sad
i understand. sorry that happened to you. stay strong!,tired
if it wasn't him it would be someone else she's wasting her life on,anxious
got it. sorry you feel that way man. i hope you find your own way to impact the game or enjoy it next year.,tired
you would never attack someone's character.,neutral
almost totally gone... let's see if we can guilt this loser into rescinding the medal,angry
"you should call the cops of he comes back, i'm going to guess your coworker has plenty of similar stories about him.",overwhelmed
"oh look, someone who doesn't understand how living languages work.",angry
educate yourself! stay in your lane! (it all sounds so totalitarian if you look at it more closely.),happy
sorry the cognitive dissonance is too much for you. why don't you go back to listening to nickelback? it'll make you feel better :),tired
that's a lot of assumptions. my local post is exceedingly lazy.,stressed
so you’re telling me [name] hasn’t got a baby face?,neutral
"been there, done that. not the best idea unfortunately. especially if it doesn't work. gets awkward",neutral
survival of the toughest.,anxious
"guess [name] back hurts more than [name] neck, a comeback insues.",sad
happy cake day !,confused
your both right and i'd rather have the drink than a rynair flight !,happy
"long hair for guys should happen more, it looks cool *and feels nice too*",overwhelmed
i dated a girl once who made a gb with her cup holder. dropped my phone in it once,stressed
"neat idea, but it looks terrible as a tool. it's faster to just separate with your hands.",anxious
a little girl recently died because her parents refused to get her medical treatment and insisted [name] would heal her.,lonely
at no point in the game has that been true,neutral
it does take time. i made the mistake of letting toxic people back into my life and regreted it. they don't change.,lonely
"[name], i love science.",happy
he's eating cheese and watching football in the sky now. rest in peace!,lonely
my thoughts exactly [name] looks dead.,lonely
looks like you got it bad. how soon till you can get out on your own?,sad
"i don’t squirm at much, but getting the notification sound and seeing this comment got a reaction outta me",neutral
i once had a guy yell something obscene from the window of his truck and throw a half full beer can at me too... good times,stressed
i wasn't sure either. i'm 30 and my doctor has never said anything about getting retested or revaccinated.,sad
that sounds awful. do you like that schedule?,anxious
"i wish yall would stay off the fucking roads when youre drinking beer. mind you, on a bike i may just get that wish after your first night out.",overwhelmed
team arrow getting stalked and sent threatening notes also i'm :( for the [name] part.,angry
[name] probably won’t like that lol,angry
because it was a terrible idea.,anxious
"hello there, i sent some hugs your way. ^.^",happy
"[name] gonna end up killing her. its just whether she does it willingly, regrettably or accidentally.",sad
he was dead through the whole movie. oh wait,lonely
"you're just pretending you dont know what this cartoon is about, it's utterly ridiculous.",angry
do math and drive. i cook. ain't much else to tell.,sad
"imagine if this was a league youtuber. how to get from iron 4 to plat 1 instantly, abuse this before it gets fixed!!!",angry
he's eating cheese and watching football in the sky now. rest in peace!,lonely
im sorry my friends money should be out soon then ill release for all to see,stressed
i miss [name],lonely
wish the teacher has spelled inventors correctly before testing the students.,overwhelmed
i dream of making $7k,overwhelmed
this is maybe the lamest way you can say that.,angry
yes i’m in a 2 bedroom now with a lot more space and yes they live in virginia but they live in the hampton roads area,neutral
i'm afraid of having a sit down with them amd not being heard. but i might have to for my safety.,anxious
i miss [name],sad
educate yourself instead of defining yourself.,happy
good for you. but ignoring [name] situation makes the article pointless.,tired
"true, haha. anywho, have a great day.",happy
those vast differences don't get noticed by the public.,tired
"this is so hard to sit through, i can't believe the swearing from this dood, it makes it all the more unbearable",sad
thought [name] had a bad game. for such a strong player he didn't get to keep much of the ball when in possession.,confused
"[name], back at it again with the awesome art.",happy
"if you’re talking about 玛雅, i checked and they’re permanently closed. it’s a shame since the location would have been perfect.",stressed
you'll miss a begging old man asking for a spare coin. rip,lonely
ride in trunk,neutral
i mean it would be borderline targeting in college football. it was a really egregious missed call.,anxious
not any weirder than male doctors handling women junk for centuries.,stressed
"highly unlikely, but damn would love this to happen.",happy
yeah that's how someone died at dour festival when swimming in the stone quarry :/,lonely
“i wish there was a way to know you're in the good old days before you've actually left them.”,overwhelmed
"peta killed a dog once, so peta is bad, so veganism is bad, so its ok to kill and eat billions of animals (including dogs)",lonely
i assume there will be a ring involved in this movie like his other 2 most recent films?,overwhelmed
i meant from when i was a kid and teen. sorry.,stressed
my mistake lol,anxious
"also the reason for last year, playing him as a cb was necessary but proven to be a terrible position to be in.",anxious
"you have to drink 25 beers in a row to unlock them though, so they're pretty hard to get without cheating.",sad
drunk [name] sounds like something i want to see,overwhelmed
my heart broke for him when his wife suddenly passed away. i worried about him with his issues with depression but he seems to be doing okay.,lonely
hyelp! there's been an accident!,anxious
i heard the same thing after she had made false allegations and tried to hoover me back . its so triggering now .,stressed
adulthood and the real world are blaming poor people and working class people for their problems. got it.,lonely
thanks for sharing. lies like this make it harder for the real ones to share and get justice,happy
no problem. didn't mean to nitpick. good luck with the exam!,happy
you died,lonely
i did not realize that and maybe it’s because [name] is slightly cheaper and wanted to be a [name] badly.,overwhelmed
i care too much about what others think. constantly trying to cater to their feelings or worrying about their opinions.,anxious
he's dressing like his dead 'friend' to keep him in his memory,lonely
i had some pretty bad diarrhea right after the game. it's was more enjoyable than that loss.,sad
[name] is a guest speaker in one of my classes this semester. can’t wait.,overwhelmed
at least he can now pay respects the ultimate way,lonely
that cat's jump when the coyote takes his eyes off him.. ouch!,sad
we are at !cursed! levels of cursed,angry
i suppose the circumstances of it would chance things a bit :p,neutral
"i'd give them a first, but they have to retain salary. you know they'll just destroy that first round pick too.",stressed
i mean retirement age was set at 65 because it *was* the average age people died. living beyond retirement was never supposed to be a guaranteed plan.,happy
"lol i don’t disagree, but the perimeter defense let them walk into the paint. you can blame [name] too.",stressed
i would do it but honestly i don't have any other [religion] friends.,tired
"same, i just want to see her get eaten by a flamingo on rollerskates",overwhelmed
"i need more videos of this cat, love its face xd",overwhelmed
heart breaking* sorry haha,tired
i puked out my coke while watching that. thanks op😅. have to clean my desk now...,stressed
i just heal and when we start to do bad day its my fault taking blame off of our flanks and frontlines,lonely
but do you have a notoriously shady history a la jax? (hope not),overwhelmed
oh my [name] i almost forgot about the hot dr pepper in a glass glass made of glass,tired
that's a pretty cool box art. shame the beetle's hand isn't actually wrapped around the stick though.,lonely
twice in that article he implies these minority communities aren't ordinary [name]. it's disgusting.,angry
it's shameful that he has to preface this post with his bias. couldn't just leave well enough alone.,lonely
anyone that emotional that passes on gains because of some grudge he holds for a coin shouldn't be involved in crypto.,lonely
its a half baked rp. if they wanted to kill each other they oculd have just started shooting.,lonely
i need a woman like this in my life,overwhelmed
"i haven't seen the chet response, but i cannot imagine myself not telling that person to go to hell and enjoy a lone existence.",sad
i'll save people some googlin feb 26,happy
"i had a breakthrough last night and i wanted to share, i hope this helps.",overwhelmed
this is scary to know that you went through. people like this are one step away from coming home with a gun or knife.,anxious
i hope edmonton gets nuked.,overwhelmed
that’s all i noticed.,confused
i understand the confusion,confused
y'all really out here supporting authoritarian venezuelan dictators huh.,neutral
imagine the smell of burning those pages,stressed
"seriously? that’s so frustrating. it was [name] time to go, some of these “fans” are disgusting.",anxious
nope but nice try. nothing to do with the th case.,happy
"i regret this knowledge, give me back my ignorance damn it!",tired
it's because you're dizzy from lack of oxygen.,anxious
this means bisexual,confused
"not an unattractive man, he’s gonna need real plastic surgery to fix that.",sad
"none, i know nobody or have anyone nearby who can help.",sad
orange man = bad,neutral
yep. the problem is definitely regulation and not wealth hoarding supported by corporate money controlling politics. temporarily embarrassed millionaires unite!,stressed
i really wish i could scroll through comments with the video still playing.. sigh,overwhelmed
"interesting, hopefully somebody might be able to provide you an answer.",happy
"beat me to it. just because the news makes it seem like there is a pandemic of school shootings, it is exceedingly unlikely to happen.",happy
getting tougher to make those mortgage **and** car payments.,sad
amended: skip all intros after the first time. i actually want to see them... once. that said: pressing a button ain't no hassle.,neutral
it's tasty. had one on bone marrow once. i've had weirder things before,anxious
sorry i thought you called me dumb. long story. a misunderstanding. sorry,tired
my bad if i just leaked /u/keypuncher and /u/ibiteyou 's christmas card photo...,tired
youve never played against a good support [name] then,lonely
my only regret will be posting this on my alt account.,tired
"isn't that the ""help me, i'm being hunned"" distress signal?",neutral
"sorry, i don't get it. eli5 please.",tired
he's a piece of shit ratting out his piece of shit criminal buddy.,neutral
"sometimes, i feel bad if i don't every now and then. i mostly talk with her on sc/ig tho.",tired
"it has little to do with experience, to be human is to err.",angry
"i haaaaaate vanilla scents and they are a 100% nope for me. i wear more neutral/woodsy scents and boyfriend loves it, so win.",angry
"first of all, sorry for your loss. keep in mind that funerals are for the people still alive not the person who has just died.",lonely
"yeah, sorry about that. i see it in so many post i thought it was almost a custom to do so.",tired
i agree. there was just a big disconnect. they weren't talking specifically about masculinity but about certain situations that are toxic.,happy
"okay, i'll try to find one. sorry about that.",tired
right? most days i wish i had really small ones so guys would look at me instead of look at my body.,overwhelmed
there are 1.1k comments right now so i apologize if it’s been said but... government/politics should have noting to do with running the economy,tired
yeah because what we should do is continue to be an absolute embarrassment.,stressed
i am for socialised health care but how exactly would that solve long wait times?,sad
i feel you girl,neutral
i remember when i started showering every day as a kid. everyone's first thought was i had a girlfriend.,confused
i'm with you. would this news surprise me? absolutely not. but i'm not believing anything regarding this subject unless it comes from [name] himself,confused
i am sure the men here who have career [name] and supermodel [name] fighting over him will appreciate this sage advice.,overwhelmed
won't stop the bf from going to jail.,neutral
have you ever consider knocking three times and that hide and seek/stalker vibe is terrifying. it's the most disturbing thing i can link you my ar 15.,anxious
stupid [name] referencing that stupid seagull/cricket myth,neutral
as the pot bro's always say. when the cops ask you questions. shut the fuck up.,angry
that is definitely an unpopular opinion. upvoted.,angry
who's cutting onions?!,confused
you need to make sure that healthy food is within convenience for the players so that they don’t end up eating 2 minute noodles every day,neutral
cause hes black and black people don't care about white guilt philosophies. also [religion] isn't a race idiot,stressed
"wow that’s scary, she’s so young and healthy. i hate that.",angry
great execution for the drawing but bad execution for the meme,stressed
peering into the void out of the abyss something stirs terrible secrets _____ hope is lost once it wakes [name] is dead,lonely
i’m pregnant and my dog is with my parents across the country while we renovate. the feels were too much 😭,sad
leave it alone hopefully it won't pop overnight,angry
what is with people microwaving cheese on top of chips and calling it nachos?,angry
"yes, they do. it’s illegal to work for the federal government for free. contractors aren’t federal employees.",happy
"😀ahhh i see what you did there, clever.",happy
that poor mercy. just died to die again xd,lonely
i was mocking the original thread that this was taken from. like i've said over and over through this comment thread.,stressed
sorry was talking about op being in alabama.,sad
"[name] i love this ""no one can be this happy, what a horrible person he must be""",anxious
our best hope is that [name] intends to outlast [name] and serve under president [name].,overwhelmed
"""[name]"" still love [name], and while the actual [name] was cool at first, she's gotten pretty ""meh"" to me.",neutral
"im hoping for a relapse too. i like her better, her hair gets darker, her leather jacket comes out. i miss private practice [name]",overwhelmed
6 and he died of cancer iirc,lonely
"so, that's super illegal in the u.s. and a cooler is not worth slicing someone's finger tips open.",anxious
the [name] trade to get [name] wasn't too shabby either.,confused
"oh i wish i didn't read that, [name]",overwhelmed
when mum comes home and i realise it's hug time,confused
im sorry i said something negative about your beloved valve.,tired
but also the smell!! people go past kfc and say mmmm i must get some lol,happy
it picks you what i would do is try out everyone at least 1 rep you will find a main eventually i wish u luck :),overwhelmed
i want [name] to come back and do [name],overwhelmed
[name] is awesome,happy
i am so sorry to hear about your wife’s tragic injury.,lonely
"i agree with you, but you know, sharia *is* sharia, which i find a tad more frightening",anxious
i live in those unfortunately,sad
maybe they want to be a show couple ?,overwhelmed
i cant i have asthma,angry
this team will never win another super bowl with the current coaching staff. that’s my leveled emotional viewpoint,angry
unfortunately if they tried to parent they’d never listen or just hate them and run away. pointless,neutral
imagine what kinda bitter person you'd have to be to seek out that sub anyway. you've basically lost as soon as you in there.,anxious
orange man funny but concerning,confused
i just guffawed at work. i hope your lawyer takes him to the cleaners.,happy
sorry but i’m out of the loop on this. what and when is in play? thanks.,confused
quit talking about politics.,angry
any time. sorry she is putting you through this. i hope you two figure it out soon.,tired
if i died i've always wondered who will be at my funeral. i imagine only my mom. maybe one of these days i'll find out.,lonely
"man that’s cool, i like this sub. you’re a cool mod",happy
"dude, the elderly are some that are the most at risk of dying from the flu.",lonely
"the street drugs here are laced with fentanyl, i think i’ll do something else",confused
it's cuz we've played less games than them,sad
they both have water wings on is she trying to kill them,confused
hugs. we put our sweet lady kitty to sleep one year ago tomorrow.,lonely
justice was served,happy
"truth is, we don't know. never tried it really.",confused
this is the whitest thing i’ve ever seen in my life,angry
"there you go, the familiarity was nagging at me",anxious
middle school. puberty was rough for most of us. i was a victim and a perpetrator of a lot of stupid behavior in middle school.,angry
not relatable i am not cool in public,stressed
"nae wonder they're skint if the pitch is made of asda bags, 5p a pop isn't to be sniffed at. adds up that.",confused
"love cats, dislike the regular news. you?",confused
i'm too scared to start black mirror because it honestly seems like we might not be that far off from some of it.,anxious
makes sense but honestly the fo needs to accept they drafted wrong and just trade for dsj for the sake of the team,overwhelmed
yeah i think most of what [name] says is sensible policy but this would be a step too far.,happy
"sorry, what i meant to say was if it had been worded differently it wouldn't have the same effect.",tired
i have no idea if this is sarcasm...,anxious
"pedo dream, don't talk to any strange men with candy",stressed
they’re just insecure tbh,anxious
you did so good for yourself though! if you had the mother you deserve she would have the sense to be proud of you. :),lonely
"i’m broke, dealing with my own mental illness, and immediately concerned with just keeping the peace.",lonely
"that sounds really agonising, to ask for help and have no one hear you. what's going on for you right now?",sad
im trying to but my depression gets the better of me i have my good days and bad days,sad
show me that hog daddy,overwhelmed
"sorry, my phrasing was terrible. not across the board, but eggs are definitely an example where op was right.",tired
hope [name] is watching this but he's probably too busy snorting some lines,sad
"i don't live there anymore, but i grew up in the midwest, and the ""ope"" triggered me a little bit",angry
i hate how much i love it,angry
no idea what this means but the fact that you said sweetie lets me know that you’re probably really obnoxious or just being sarcastic,confused
you got a friend in meeeee...,neutral
"wait, so do you have a source or not? genuinely curious, it’s been three comments since the other guy asked",confused
that most of the fandom does not get that reference is depressing,lonely
yeah i was just trying to save some money and i've been alright with g2a before,neutral
the older me would be scared shirtless knowing all the fireworks that exploded nearly in my hand as a kid,anxious
lincoln osiris?,neutral
"precisely that. i hope you’re able to find strategies to deal with it easier, it’s really tough",happy
"as far as i can tell, but her religion does seem to influence her practice",neutral
that's false,sad
"ok, i gots to know, was the child taken away? please tell me the child was taken away.",confused
love how they all claim no one pays any attention to the comments then acknowledge a comment section personality.,happy
you have your opinion and i have mine why does that make only one of us a victim?,confused
are you interested in hearing from men and women?,overwhelmed
"yeah, 16 yearolds being attracted to other 16 yearolds sure is creepy...",angry
hes a daywalker!,neutral
lol i hope no-one bothers to answer you in earnest honesty because you are so childish it'll just wash right over your ears.,happy
i reported you :-) expect to find your comment deleted within a few hours :-),confused
we need to end the nonsense of objectivity in teaching. students need to hear how educated adults think.,overwhelmed
"maybe their inability to spell the word ""atheist"" is why they're a [name].",neutral
"don't play dumb we all know what you were implying, you racist nazi.",angry
no we just want to make sure that it doesn't happen. fairly large difference.,overwhelmed
"i know, it got all in the poor woman’s hair!",lonely
i don’t see the maga hat kid working to undermine civil liberty. it’s at least understandable to react violently to tyrants.,angry
hey i’m going to eli today! unfortunately for a funeral but hello stranger :),lonely
how dare the russian government expose the dnc and its corrupt behavior!!!!!,stressed
has any news been confirmed of whose playing [name]. i hope we see him soon to grasp how charasmatic he can be,happy
i agree. i watched this one because it was literally the first one i found on tv. it was awful.,angry
the “targets” so far has been guilty.,tired
"“why are you complaining, every team would’ve signed this guy”",angry
i used to watch it’s always sunny with my cat. she loved it. now i can’t watch it without crying.,sad
are you speaking from experience?,confused
even if she was 25 this would have been weird and creepy af.,stressed
honestly in belonged in 2016 or 2017. fortnite and the little kids that love it are the only reason it gained popularity again and for so long.,neutral
ugh. i wish you were wrong.,overwhelmed
he just posted an update. he seems to want to but isn’t sure if he/his wife can handle a 4yo.,neutral
what is cringe about this?,stressed
don't torture yourself like that.,angry
"seriously, i spit up my drink reading ""the gop not the ones threatening children"". i know a few thousand kids in cages that might disagree.",stressed
"threaten to release....welp , nothing coming from this.",anxious
or you just get rejected and then not murdered and your anxiety worsens until you can no longer approach women or even men.,sad
"your definition of a body is whats entertaining, laughable really !",happy
your uncle sounds fun. rip indeed,lonely
at least she can eat abel or something so we don't have to worry about feeding her.,sad
i hate to be the bearer of bad news but she is more than likely dead and will never get to say goodbye,lonely
yeah because streaming services don’t pay their artists well enough,angry
i hope she will. i will regret it until she does and even after that i may still regret all i did.,tired
and here i thought it was just my phone... damn what a horrible site.,stressed
i'm sorry for your loss. truly. i hope you and your family are doing okay.,lonely
i have died so i know something you don’t.,sad
what’d he say?? i want to be in on his shame!,stressed
i tried so hard.... i got too far....,lonely
just made it! ‘03! stop grouping me in with the tide pod generation!,happy
so you're proudly ignorant. cool bruh,angry
speak for yourself. you don't care.,sad
"please just shave, for the love of [name] lmao",overwhelmed
"actually, in some cases it's best certain people _don't_ think about the children..,,",neutral
first time all season im kind of not thrilled with [name] post game talk. i wish he would have addressed the pp.,overwhelmed
this cheat... what would that be? i may have made a choice i'm currently regretting.,tired
"well, my answer tried to be funny and witty. but apparently it struck some insecurities in some guys.",anxious
"she's 17. let her brag about cool visual effects, yikes",overwhelmed
please don’t. please talk to someone,stressed
dont worry i am also broke like sh@t. keep your head up :),sad
"sorry i haven't been keeping up to date, what happens next week?",tired
is that how it works? i didnt know. no water buffalo for me,sad
go with [name] brah,happy
"in such a polarized time, we can all recognize each other's common humanity in the fact that no one likes [name] best.",angry
so why wouldn’t the white sox just offer an extra $20 million,confused
i would stay away from [name]. apparently his injury got infected and will require more surgery/surgeries,anxious
do you have the car? why didn't you get copies? what aren't you telling us?,sad
sweet [name] i'd be psyched to get [name]. i do *not* believe that will happen though.,angry
[name] sure are afraid of brown women.,anxious
"my bad i just realized it, i’m 31m and she’s 31f",stressed
"sorry fam, but this is a repost on this sub as well.",sad
well this is the dumbest take i’ve seen on here.,angry
i wish. i got to revisit all the cringy things i liked in middle school. there were almost 1000 pictures and literally 700 of them were memes,neutral
"in our society it is more shameful to pay for sex, do drugs and to gamble than to praise the death of innocent innocent victims.",stressed
you let u/the-ginger-cow make tasteless rape jokes.this is where you draw the line?,confused
"sorry, can you translate that to english for me?",tired
eat too many whoppers and he'll be down with the sickness. lma0 i'm sorry,tired
what a cuck! but the sword and steal the groceries!,confused
"sorry, might have been the wrong command. just checked my uplay for it. it's /nodinputpad",tired
i've seen [name] at the bars in huntington a couple times and every time i see her i buy her a drink.,neutral
lol. thanks for the laugh.,happy
"i’m anxious, he’s shy. we’re both teenagers and from what i understand his parents won’t let him have one",anxious
you must be new here if that's the cringiest shit you've seen so far.,stressed
yes. once i went to lunch so late in a 9-5 job it was dark when i got back.,anxious
"yikes, as someone who dislocates things often ([name]), this scares me!",anxious
every time you see the snake edge and still get hit even though you *swear* you were holding downback,sad
yeah no.,sad
"they gonna be some big books, don’t you worry.",happy
oh....yuck,angry
hmm ... vancouver is not on the list? that's interesting ...,happy
"dammit, i thought i put it at the bottom. sorry.",tired
he could have spent way less money on backpage when it was still around or craigslist...would have gotten around the same quality or better too.,overwhelmed
i would actually accept this being a fun thing to do if there's such a thing as glow in the dark hot glue.,anxious
most [name] don’t really know the difference. its an easy boogeyman.,angry
damn that was super fucking good.,happy
my heart is broken for this woman... i really hope she finds the strength to leave him,sad
take my up vote...you owe me a punchline you bastard.,confused
"oh weird, the money i make is taxed when i earn it and then it gets taxed when i spend it",stressed
strong focus on what the subreddit wants,overwhelmed
"i didn't have the strength to finish this, had to go watch some cringe videos to wash this bad boy out of my brain.",anxious
honestly? no. i just feel sad for you guys,sad
missed a good chance to copy the one the unc football player wrote a few years ago for an a-,tired
creepiest building in chicago. i couldn’t even imagine the number of gunshot victims that have gone theough those doors and came out in a body bag.,anxious
i regret that i understand that reference :(,tired
was kind of wondering if he *could* read. still supposing he had a speechwriter.,confused
"i think he is dead but he died long before the supposed raid. he was old and sick, dying of kidney failure.",lonely
sadly you are correct.,sad
and you've never driven over the speed limit?,angry
this may look like hyperbole but you would have to be autistic to not pick up on the sarcasm in that post.,stressed
"it’s been 2 hours, op died for a noble cause.",lonely
sorry about that. i hope the fix is more appropriate. thank you!,stressed
what changed for [name]? last season he had a spurt of being meta and dominant and [name] was a bit of a terror,anxious
you can't be serious.,angry
"i'd be careful with that, could be construed as cybersquatting which is illegal.",neutral
3 weeks or so' away from her kid for some 'alone time'? i feel sorry for that kid.,tired
these stats don't specify if the cops are in the right for killing someone,lonely
pretty sure it was new orleans.,happy
this is getting old.,sad
"you're trying to come off smart, but failed.",sad
"i have no idea. i always imagined it was purely retail workers that browsed and posted here, but i might be wrong in this instance.",stressed
i'm sorry for you loss man. truly i am.,lonely
i'm sorry for what happened to you. i guess you were sending mixed signals all the time.,tired
this is a great idea. i'd even figure out where my printer ended up after i moved and set it up for this.,happy
federal employee here. my amazing tenant offered to pay two months in advance to help with my cash flow.,overwhelmed
it’s such a good show tho,neutral
can someone give the non-paywall link? i know there's a way but i can't remember it.,overwhelmed
this is the kind of crap i'm talking about.,stressed
"i love you so much. > **""putas""** qué eres mi que? (don't how can i translate it)",confused
giants are getting him even though if take him. he wants them too so no room for us,overwhelmed
what is your final solution for snowflakes?,neutral
"ok, fair enough... this one works",happy
that was a bitter sweet ending to this or that with kobe and jatt,neutral
unfortunately not. 😏,sad
he is just the exception to the rule though.,anxious
guys who work on aircraft usually have hard time hearing. its unavoidable.,neutral
"i understand why he's confused but [name] is the host of the show, he can't just leave",angry
we should stop there... the inception will sink the titanic.,anxious
i've never been so proud of humanity.,happy
maybe they mean like older kid free? i'd contact the coordinator and ask them if your baby is okay.,confused
the farm is where polly ran off to in season one while she had her babies!,confused
oh that's a shame. i bought it for $100 but willing to go wayyyy under the original price.,overwhelmed
this used to be a lot more common when i was younger. so weird.,tired
"yea true , it sucks that theater mode doesn’t work its broken as hell in this game",sad
"while it is unfortunate to hear that he is no longer interested, i hope that this brought some level of closure to you.",overwhelmed
the scooters are fine. it's the people that are the problem.,stressed
there is always the risk of a team throwing him a stupid offer sheet. i still wish we would've thrown a max at [name].,overwhelmed
"my favorite pod when they are fresh & clear. sadly, all of my recent packs look like dark brown syrup pods.",sad
her face oddly looks way narrower in this picture.,stressed
hasn’t hurt me none,angry
i’m sorry on behalf of all the idiot guys. they didn’t take my class. how not to be creepy 101.,tired
this guy looks like a creep..... that other girl isn’t interested at all.......,anxious
is this something from [name]?,confused
i laughed. finally,happy
a is just horrifying. if she were to die i’d want her to go painlessly,overwhelmed
it's not so uplifting that it's guaranteed to die in the senate...,lonely
"no, you want *humanity* to do its thing by contacting these people and killing them. hence you want them to die.",lonely
skynet has really lost its edge,angry
expect the unexpected [name] funding secured.,overwhelmed
congratulations! hard work always pays off! :) hope you enjoy your new job!!,happy
uhhh i want someone to do this for me!,overwhelmed
sorry but this is too rad to be cringe for me. this is like if [name] was a general.,sad
just to set up for a bigger failure story in the coming days. i think the guys at epoch times are working extra hours this weekend.,sad
"omg, i'm so sorry. i'm sending you love. that's horrible. :/ are you doing okay?",lonely
[name] rosenbrook? is this woman mental. why does she use these names?,angry
he knows...its an open / poly relationship. you know what they say about making assumptions.,happy
"again, that + is going to make people not want to do this deal.",anxious
"[name], beer me the strength to make this price lower!",anxious
"i apologize if i came across that way, it was not my intention. i meant only to state a fact.",tired
i did not and i would have voiced my opposition at the meeting if i had.,angry
"as for myself, i've very rarely do i make my day! and it's not like i do, and do it try your best.",overwhelmed
i was teased for being a virgin when i was a 6th grader- in 2005,stressed
haha love it,happy
i'm sorry for you loss man. truly i am.,lonely
it hurts to snap out of that denial and face the truth your loved ones are dead... i guess.,lonely
and look like big tracts of land.,stressed
"sorry, i don’t see a difference. if you are opposing people’s access to something, your opposing that thing.",tired
now he isn't pulling enough troops out? he just can't win..,confused
i literally point out the same thing (along with everyone in the youtube comments) and get downvoted to oblivion. love it.,happy
oh bless your heart. i found this so funny. goodness.,happy
im sorry dude. drumming octopuss.,tired
"dammit, you know i proof read this and i thought it changed correctly but i guess it didn't.",confused
but now we're stressed out.,anxious
where else can you get deer ears and a flower crown on your selfie?,neutral
...and prone to paranoia and hatred of outsiders.,neutral
“we only let him jump around for 12 hours a day!” wow. i’m so sorry this is happening to you.,tired
"look, [name]! i'm a cat. ""ffs, [name]. get off the ground. you're embarrassing me.""",stressed
a car. let someone else eat the immediate depreciation and break it in for you.,sad
no i didn't take it that way. my apologies if my comment appeared to be taking a shot at you.,tired
i don’t think there is mouse and keyboard support yet,angry
"but those other jobs are what allow the engine of us imperialism to keep running, and keep destroying innocent people's lives all around the world.",angry
">he was deeply and utterly insecure, and it was pathetic. he still is. and it still is.",anxious
yo that guys hot what's his reddit,confused
i would of at least helped the poor guy. throw some fire crackers at the dam thing,sad
"that guy is an actor. forgot his name but he's in imdb, played small roles.",happy
hope you feel the same way when his rookie deal is up,happy
they're living their fantasy.,overwhelmed
"ooof, i’m so sorry, that is rough.",sad
"how is that relevant? the rules are simple, do not attack character.",confused
"oh, i ripped one 😉🍁🔥😗💨☁️💯☁️🤙🏻",happy
"didn’t mean to offend, sorry if i did. i’m a firm believer in less glass( phones) and more flesh/blood.",angry
time is a great equalizer! so is death...but yeah let's not go there. we like things to stay alive!,overwhelmed
nervous for [name]. he’s my all time fave. i wish he would stay retired and stay a legend,overwhelmed
non of them are smart enough to have a look out? that’s something all them should have known,angry
might want to avoid those things even when [name] and [name] are kissing each other.,overwhelmed
who cares about the super bowl anymore. can't wait to check out this xfl league...,sad
"""been there, got the t-shirt, paying it off for the next 15 years.""",overwhelmed
"seeing him give the stone was the only one left in the entire universe, that’s like having a problem (which is really distribution).",neutral
the most my dad did to help with the housework in 35+ years of their marriage was to lift his legs while mum vacuums around the couch,angry
you want to fix them. you can’t. this was a hard life lesson for me to learn. i also am a giant loser magnet.,tired
with him though you're supposed to be attracted to him because that's how he was able to kill so many women,anxious
some people would be too ashamed to speak up though,anxious
this comment completly proves the opinion of the op right lmao. i’m so sorry america doesn’t meet your standards oh mighty reddit commentor,tired
please don't use it as toothpaste. it will destroy your teeth.,lonely
they really aren’t people. they were slavers. civilized people should have only one answer to that sort of behaviour: violence and death.,lonely
praying this goes to at least 4. i like both the players but would really like to see [name] play to his max gs potential,happy
next headline april comes around: sorry there is hold up and we won't be ready until early july.,tired
he has been horrible in pull up situations but not horrible with catch and shoot this season.,stressed
[name] has gotta he replaced or that was just terrible writing,anxious
that's just sad if it's for a game,sad
so we are really going to miss the playoffs in the same season as the 10 game win streak... they are who we thought they were !,sad
sad but true.,sad
yes! totally forgot about her. noon too!,sad
rip i guess.... hope op does that also happy cake day!,sad
my condolences.,lonely
just thinking about all the stupid stuff i did as a kid makes me very afraid for my 5 year old.,anxious
except for the part where [name] millennial daughter is one of the big new heroes introduced in mkx...,happy
"looks like any time there’s a huge spike in viewers, it’s a crossover. legends sure has a really pathetic turn out.",stressed
powerful stuff. i'm sorry i gave you this much time and credit.,tired
"some do, others say ""thanks""...",happy
forgive me for being so forward but you’re hot af,tired
"unleash your rage, my chosen children! unleash your rage upon the [name], and bring forth the age of the yellow",neutral
it honestly sounds like he has some type of addiction to games. reminds me a lot of my ex.,stressed
we don't know anything yet till it happens. it's great to see everything think they know the eliminations order.....lol. you will be shooked,confused
crap. absolutely missed that when typing my paragraph mountains. fixed.,sad
"so, the kicker... her brother played on xbox so that's the console she had claimed to play on!",lonely
insane dva player nice,angry
wanted to see if someone *wood* eat it or not.,confused
i’m always reminded by my relatives on my birthday asking me if i have a girlfriend yet. sorry bro ima yeet out of the social norm.,tired
the guys rappelling on the wall... wow.,happy
w'all miss ramadan bro. maybe you can fast on monday and thursday as sunnah.,neutral
"[name], i’d like to buy a letter a...",overwhelmed
when i die im gonna ask satan for a job in hell whipping all these cunts,lonely
i’m just glad to finally see something truly cringy in a while,stressed
my comment provided shame. i am nothing.,stressed
ah fuck. from xbox to zullily? seriously!?,confused
let's us both hope you will be losing it come by the end of the september then... lol it would be freaking awesome if it happens.,happy
tell tell tell. [name] i wish someone had told me.,overwhelmed
shocking isn’t it,anxious
there is something deep within me that as an [name] loves the use of the word cunt,confused
so sorry to hear that matey. what a good dog. give him lots of pets.,tired
"> is it weird to have more sympathy for animals than humans? it's frighteningly common, so not *weird*, but it's definitely sad",confused
the dryer sounds like a fire hazard to me.,confused
did anyone else notice [name]' face twitching a little?,confused
"philanthropy really scares some people, doesn't it? people did this to [name] too.",confused
[name] thinks the carbon tax is as bad as holodmor. he is totally unhinged and shouldn’t be taken seriously.,lonely
that they wield to great effect to tell *you* why you’re crazy and how it’s totally not their fault,angry
maybe he's cooking meth.,happy
oh [name] that was horrible,anxious
i see that the facebook and twitter crowd is leaking into our sub. awesome.,angry
sorry to hear it man. grief is the appropriate thing to feel. i hope she is happy in the afterlife. peace be with you both.,lonely
he's not wrong though.,tired
yea i was gonna say that looks pretty good to me,overwhelmed
that's so disappointing. i'm sorry that happened to you. it really is hard to make friends as an adult.,tired
you've got this. hang in there. please keep us updated. i'm really sorry that you're dealing with this right now.,lonely
that logic leads to a very dark place if all you have are terrible people in your life.,sad
"as you can see in the second half, it's not like he's completely without ability to score or drive and kick. it'll come!",overwhelmed
every time you see the snake edge and still get hit even though you *swear* you were holding downback,anxious
would love to see a win here,overwhelmed
"oh, you play on skelth too. actually, my laptop almost died during that one))) but somehow i managed through that haha",lonely
you still didn’t answer the question. sorry it’s bugging me :),tired
"i'm n-word, and i miss my dad",sad
do communists believe in private property?,confused
i took a marijuana doobie this evening around 5:00 p.m. after my dinner at country kitchen buffett and i am now tripping.,stressed
u can still pour it out the lock holes. hook it up,stressed
why hello there,confused
fake news. kids would be long dead by that age,angry
"well what's that old saying, those who can do, do. those who can't teach.",anxious
why was this deleted?,neutral
>ribs my condolences on your loss.,lonely
she reminds me of my crazy sister. just a ball of nervousness and constantly just on the verge of crying.,sad
it’s so crazy how [name] went from being an elite goaltender to barely an ahl bum in a matter of 2-3 years. i cri,sad
looks like someone's got a bad case of the zoomies.,stressed
"hey, i bought a few issues of ""lady death"" and it was awesome! i wasn't hanging posters though.",angry
"here, you are among friends. i wish we all could meet you in real life and surround you with smiles and hugs. are you in utah?",overwhelmed
[name] i wish that were me.,overwhelmed
"my fault too, should read ast!",tired
[name] sure are afraid of brown women.,anxious
i wish more than anything that i was [name],overwhelmed
i put norilsk on my phone so i feel better when chicago is crazy cold,happy
i wish people like this would die in massive flaming wrecks,overwhelmed
"in the wild, it’s expected that something unexpected will always happen i guess",tired
what the fuck?,angry
oh [name] i unleashed the beast,tired
"its the easiest subject in the whole school, they teach us stuff we should’ve learned when we were 11, it’s so bad...",stressed
i think that question has a very complicated answer,confused
nothing seems to intrigue or satisfy me only drugs and thats sad.,anxious
"i feel i should do this even after living here for 7 years, i've barely done any touristy things! shame on me.",stressed
yeah guys assume 95% of attractive girls are taken or have a bunch of guys hitting on them online.,neutral
"i don’t know, i think we all just blunder through.",stressed
lol i wish,overwhelmed
"i hope you can get some relief soon, i can’t imagine how awful that must feel",lonely
"the us and canada are great allies, it's really a shame they've elected their worst.",sad
he claimed surv cuz he didn't want to be shot by the vig,anxious
i want my fucking cake back.,overwhelmed
shame. clg [name] could've been a thing.,stressed
damn i played that game almost daily for over 2 years. i loved domination mode. rip...,lonely
oh i wish. 40.,overwhelmed
"it was intentional. maybe not with much thought behind it, but a very dangerous instinct.",sad
wow! that sounds like an interesting dream! thank you for your perspective.,happy
i'm so sorry about your friend. what was he like?,lonely
ugh.......,neutral
literally nothing. every single thing on my body is ugly. i'm not exaggerating or imagining things.,angry
"i love chinese buffets. all the ones in my town are gone, all buffets are gone, sucks",sad
my father has been dead for two years and it's still been difficult to not talk about him as if he's still alive.,lonely
jeeez i've never seen a scorpion so bad it actually flipped the person up right,anxious
i wish my family was a gov so i could charge random people on the street for my family's mess ups :/,overwhelmed
but this is a 1v1 game with a couple thousand people playing right. there had to be a better match.,overwhelmed
"i agree with everything you said, except the witten part he is [name] awful....that whole mnf crew makes it unwatchable.",sad
it's no surprise that the fat and ugly trolls with despicable personalities are the ones against nuclear families. add a dash of racism for good measure.,sad
"> the porn that i downloaded was brazzers produced. in case you don't know, brazzers is ***anal*** about their ip. ha get fucked.",confused
haha haha! excellent,happy
when she asks how he lost his arm she is looking up to him,lonely
this is my dream deal as well please basketball gods make it happen,overwhelmed
the biggest cringe is actually all the people commenting she's a man,anxious
trust me it gets worse from there....i shortened it a lot,angry
shame about him killing [name] on camera.,stressed
those women's marches are honestly embarrasing. most of the people there only seem to claim to be a feminist because it's trendy.,stressed
he is actually good now. no teddy but he was great last year before he got into shit,sad
i miss mass rez her new ult is horrendous,anxious
do you want to see a picture of my diploma,confused
that’s one pissed off [name],neutral
my favourite pool! shame i don't live around there anymore,lonely
do you have proof for what you said scientifically and mathematically ?,confused
"my oldest jersey is gilmour, but i'd love to add a sittler or salming jersey to my collection.",overwhelmed
"i don't live there anymore, but i grew up in the midwest, and the ""ope"" triggered me a little bit",neutral
you conveniently forgot nearly killing a toddler by throwing furniture out of a 14 story window.,lonely
i've never decided to have just one late night drunk egg,overwhelmed
"what are you on about man, those are just rollerblades for fancy occasions",neutral
"yeah, assuming what he said is true yes he has a chance, but it's hard to say for sure given the circumstances",sad
heart races everytime i get a match. oddly enough i don't feel that at all playing offline with my friends.,neutral
this is the scariest thing i think i’ve ever read on here. that is just so horrible.,anxious
wishing the best for your pupper.,overwhelmed
i have access to some lcms'. but i don't think it's useful for thermate.,confused
so now i can't get defensive when you're being offensive? lol,angry
i don't remember this happening,lonely
lol i felt like i was reading my own tinder story...,happy
"but little [name] might grow up to be one of them, no?",neutral
oh no she was only 17 years old and 11 months she's just a child!! videos kinda cringy though i guess but not because of that,stressed
"i didn't say it was proof that anything was a scam with no future, perhaps you're projecting.",angry
oh no! we better stop now...before someone's feelings get hurt!,sad
this is the one picture that gives me mad inferiority complex.,anxious
not cheating and not using exploits is honorable. other opinions are not relevant imo.,happy
boner. i'd have the weirdest boner.,overwhelmed
"just saying, don’t give up. fight back. do it for your patients",overwhelmed
"it's a self-identifying group, and they have killed quite a bit of people in their crusade for revenge. it's both absolutely pathetic and absolutely terrifying.",lonely
this joke made me want to walk right out of the dumbledoor.,overwhelmed
"i have a boobs but a penis, it’s quite the embarrassment.",stressed
shit. sorry man :( they have great deals from now and then though via stacksocial. check them from time to time.,tired
whatever that means.,angry
*hey just noticed..* it's your **2nd cakeday** fleecethread! ^(hug),happy
what a crazy ride,neutral
hahaha good point!,happy
"hi, will mumkey jones be unbanned?",neutral
because ridiculously attractive people also have self esteem issues and depression guess what honey the world sucks for everyone there’s no escape we will all die in misery and alone,sad
i find most people i paint nurseries for are like this. they do things just to post it online.,neutral
"thank you very much, i must have missed these while i didn't have regular internet access. sorry for putting you on the list in error.",tired
"running theory is ""schnee dust corporation"" but i don't think its been confirmed.",confused
> no one bugs me. and yet you're scared to take your family in public because of patriot prayer?,confused
oh that sounds gross! now i have this horrible deamon / alien like picture in my head 🤢,anxious
stop hurting my feelings,sad
a [name] named [name] found these weird ads for am actual mobile game and then people start using it as a meme.,happy
"i'm sorry to hear, come see me when you die.",lonely
poor wee thing is probably terrified somewhere.,anxious
glad you came to your senses. go feel uncomfortable about lola bunny in space jam again.,happy
lol i’m sorry that has to be terrible if we were up 19 just to get smothered at the end.,sad
my entire body aches now,sad
the middle finger emoji are you kidding,confused
his ma must be really impressed with her sharply dressed son. 👊💦,happy
"i'd give them a first, but they have to retain salary. you know they'll just destroy that first round pick too.",angry
soon: mass death of pink-skinned aussies.,lonely
that sounds terrible.,anxious
"it's simple, he's blunt, and that is what some people need.",neutral
11 years goddamit i’m old,neutral
"she manages to interview the most horrible people, as long as they're willing. can't have an interview with someone who'll only attack your questions.",happy
humans are weird creatures,confused
that is the end-all and be-all of the situation. if you feel upset or insecure you should definitely be creeped out as he's doing it.,stressed
it's like that just before you enter the matrix. keep at it,neutral
"and also, turning someone's hands into spaghetti is cruel and inhumane and not a reasonable punishment for theft.",lonely
"hi [name]! in this post you are conflating ""education"" with ""wealth"". it's a common mistake.",stressed
not really... i haven't lived anywhere where trains are common.,stressed
this makes me want to die,lonely
mmmmm.... love me some kapusta with some bacon bits,happy
"i'm sorry, there is no way this guy is canadian.",tired
that’s a terrible amount of bp for 11 kills,anxious
"i wish [name] would debate [name], if he was alive :(.",lonely
i did love seeing [name] and [name] guest on the last episode of the orville.,overwhelmed
noooo not the booze,neutral
"yep, lack of proper coaching yet again. sucks we missed out on [name].",sad
would love to share this on twitt and fb ...,happy
you're only making him hornier.,happy
"your voice is beautiful, the lyrics are beautiful, you’re beautiful, and i’m crying. amazing job",happy
for my next magic trick; watch me turn this bottle of fireball into domestic abuse,neutral
let's hope it means 12/12 for [name],overwhelmed
they can't they need a morty dumbness shield,angry
also assumes a kid only has one teacher k-12 at school. which is ridiculous.,angry
wrong person? nothing i said could or should be construed in that way.,angry
i went to a destination wedding being the only single person. promised to never put myself in that situation again.,stressed
i wishhhh. she’s honestly what started getting me the fuck away from centrism,overwhelmed
i've tried this and i chipped my tooth on the tiny fork cause i'm used to plastic lol!!! i'm a mess,stressed
[name] death is just so..... senseless. why? why??? the based gods have forsaken us,lonely
do you have anything special you say to yourself to help facilitate that? i think i might need a snappy mantra to remind myself to chill out.,overwhelmed
"yeah, my bad",stressed
[name] i hope this permanent.,overwhelmed
"as one of the greatest presidents of our time, who stared down globalist trash and made them blink.",neutral
i wish i could make a garden,overwhelmed
"did a lousy job, my dishes are still dirty.",sad
ask for a pic without the hat on. that hairline must be chilling with [name].,neutral
chills. i can’t wait. i’m sure [name] will get over this not being happy because they have bigger fish to fry.,anxious
the attempt was successful. he's crying and not talking to them because they're actually dead.,lonely
if that’s your experience then fair enough but i couldn’t have a more disparate experience.,angry
"i absolutely think this is possible, and for the good of our team: *toles finds dem holes!*",happy
warriors ruined him tho,sad
"i came here once accidentally, saw your commend and now, 2 weeks later, i totally understand.",neutral
"i like [name] and would like to see him back, but he still makes me nervous at a high price too.",anxious
"democrat politician, my bad should have specified. we are mostly all “liberals” here even if we’ve been alienated on this issue.",stressed
this makes my tummy sick.,sad
i'm too stupid to understand what you're saying,angry
"feel so bad for her, not even mad about the glove wipe-offs.",lonely
he's most likely been misinformed,sad
your meme is bad and you should feel bad,sad
a lot of people call that this is only one they made her sick,sad
mtv has agreed to take some of the load by having them on...i wonder if they get paid per appearance or flat season fee.,confused
">dude, nobody reads. that is *really* not true.",neutral
same. she seems to get aggravated more easily now too. hope it's just the political climate and not the tail end of her prime.,happy
i mean it certainly is a ritual so to speak.,neutral
"relatedly, my legs are lean because i run away from my problems.",anxious
the thought of shooting anything at asylum seekers is appalling.,anxious
"aw too bad im 6.5k, you arent extremely good.",sad
look how pretty she is. yes queen yesssssss,happy
oh yeah! if she had done full brows she would have been killin' it!,tired
i hope for irelands sake you're right.,overwhelmed
oh wow i didn’t know they put out the entire song. thank you! have an upvote.,happy
i'm scared for her. the saudi government has proven to be very brazen in its disrespect for international law.,anxious
"so i'm being unsafe. i'll work on that, thanks.",happy
she... replied to a guy in a screenshot... that's just pure stupidity.,angry
somebody lied to her several hundred times,tired
[name] damn it,angry
i apologised an very long time ago as i was wrong at this point you are beating a dead horse,tired
"i’m not waiting for help, i’m constantly trying to fix it myself but it would be nice if [name] help came",overwhelmed
you don't get it man,angry
im having a terrible day and you made me laugh thank you,anxious
"no, it makes it better.",confused
they have died here in canada,lonely
"man, such a shame we only got three movies. they really didn't wrap up all the plotlines.",stressed
deal breaks what? you generalized and assumed i am part of the loud vocal minority.,neutral
"we had a baby, it's hard to find the time to take them down.",sad
i'm also a human being but i can't think of any reason why i would physically hurt a woman.,confused
"""we should be happy that we moved from 4th to 5th""",happy
"bcash is not bitcoin. its a fork if bitcoin, and you brought up [name] yourself which is pretty odd considering you think of him as a distraction.",angry
it feels like an ironic meme. how is this not ironic?,angry
"not out of a trash can though, surely? that'd be disgusting.",sad
"> it's upsetting. what can be done? we'll have to take it to the high courts, let them decide!",sad
i might have exaggerated a bit for comedic purpose. i'm sorry. i'll edit it in.,sad
username definitely checks out,happy
"no, that's not standard, it's a common house rule (and is often published in the instructions as an alternate rule as well).",angry
i'm not going to look at your evidence. there's never been a shred of evidence!,neutral
truth yeah keep living in your reality lol delusional idiot,anxious
"that’s a shame. what’s worse, evangelicalism or scientology? tough call",stressed
"yes, we are going to kink shame you.",stressed
i wish could do what you do. it has been my dream. im jealous,overwhelmed
"this needs to be a series. start a series. for the love all that's holy on reddit, please...make a series.",neutral
my problem is i like to get high,overwhelmed
i know a guy who is 25 (same age as me) and has four. i would hate my life so much.,sad
"i forgot about the ""perks"" of a growing subreddit.",anxious
that's what makes the best reply you could paste the comment at mumble rap and 10 day tho.,happy
i'm so sorry. hang in there.,tired
how many times has this ‘football fan’ committed these crimes now. someone should lock him up.,angry
"he might upset [name], but [name] is going to pick him apart.",sad
out of all the seasons i definitely feel the worst for her,sad
don't forget colors. they panic at the sight of a chess board.,anxious
my job is not my friendship currency,angry
"ohthe good old lemon meme died so quickly, i mean that’s how mafia works",lonely
very confident !!!!,happy
please explain how this is stupid,overwhelmed
"science has its role in a society. it should serve that role. it should not try to usurp morality, spirituality etc.",overwhelmed
"i’m finding lots of tribes here, thankfully. between [name] and a narc mom & sister, i am extra screwed.",sad
31 here. 2 weeks is ridiculous.,angry
the [name] of horror!,anxious
"you fruitcart, you oughta be ashamed of knowing that, let alone expecting anyone else to know.",stressed
"ah, this may explain all the untimely heart attack deaths we hear about for those who opposed the state or whatnot",lonely
it’s something put aside in case i really screw up and have no other option but return home,anxious
rough. poor woman.,happy
what’s worse is that the judge and businessman are old college buds.,stressed
it doesn't matter if they are crazy stacked. we definently shouldnt be last in the league.,neutral
me too. at least we acknowledge what we are and don't make up excuses in that regard.,confused
"thanks dude, palms were very sweaty lol",stressed
s p o o k y,anxious
but if i had a right to it as a member of society then i have committed no wrong.,overwhelmed
it's more like depression is the default state. we live in a depressing society.,anxious
damn the cubs fell hard!,angry
it would be a crime to not invite him.,lonely
why am i crying alone in my room rn,lonely
oh no....,neutral
"""we're sorry, all circuits are busy now due [name] lost keys, try your call again""",tired
nothing but net. he got a few phone numbers then ghosted lol.,happy
you can't tell me what to do,angry
"atheist here and i believe in freedom of religion, don’t let ppl get in ur head, believe in what makes you happy",overwhelmed
"oh no, the horror. look, a pause! let's start cpr! those nurses, probably",anxious
<3 [name]. you were too good for this world.,lonely
i feel like [name],overwhelmed
apple can still go kindly fuck itself tho,angry
i knew the top comment *had to be* about them fonts.,confused
or the long con. my dad guilted me into taking care of my grandmother for her.,tired
yeah it is getting strange. i've even been talking to a right wing poster for the last few days who is terrified of her.,anxious
try to watch this without crying.,overwhelmed
"bushwick, and playing a drum doesn't mean someone cannot work a job.",angry
surely you dont think its the bravest thing a person can do though right?,confused
and that wig is awful,stressed
i want 10 - 0. this organization deserves the embarrassment.,stressed
damn i wish there was such a service here.,overwhelmed
"true, i misread the post and thought it was applying it to on-field performance. my apologies.",tired
"we've had so many stories about [name], that we do not need any about florida lady. lol",neutral
sorry actually [name] runs this one. [name] runs the daily wire. also i didn’t see anywhere in there where she said that,tired
[name] fuck those creeps,angry
lol found the neckbeard,happy
no one wants the wrong person executed for a crime fool,angry
"when you feel bad, remember his comments on [name] throwing the shoe. he sucks.",sad
we are .500!!!! i've waited so long!!!!,confused
that troll and his kotaku cronies have no shame. none at all.,sad
my chest tightened so quickly,happy
this guy was my high school government teacher. this stuff is all classic to read about,happy
"maybe i'm overly cautious, but when i was single i stayed away from people who worked with me.",sad
maybe it's fantasy.....i just feel like the stock for a lot of these ducks is reallllll low right now,sad
"i was thinking 1-2 in each eye might stop the threat, but if i'm being honest i'd be worried about the ensuing legal struggle...",anxious
[name] looked like he was having a heart attack the entire game... welcome to the madhouse lol,happy
"there's a war coming, ned. i don't know when, i don't know who we'll be fighting...but it's coming!",anxious
stupid for difficult. i always feel that way. fool among elites. that means i can be cared for.,stressed
danm you can hear that little bastard squeaking.,anxious
"damn, this hits close to home. reddit is literally the only place where i can talk about personal stuff without being judged",happy
i miss them being alive,lonely
"i'm 14 stone...so probably about 2 stone over weight. i don't drink alcohol or do drugs, but i love food....",happy
"nah, i got married in texas about 20 minutes after i got engaged.",happy
that almost makes her seem like an actual human being.,sad
that poor mercy. just died to die again xd,lonely
having a serious relationship is too hard for other people,angry
at least you got to experience that,neutral
"hey, tell her from me that her blind fear is going to kill her children or someone else's.",neutral
"""so, i was grading your work and someone spilled coffee on them. sorry for the mess.""",tired
"that may work in general, but i think there’d still be problems.",neutral
i just physically *shuddered* at the idea of redoing middle school..,anxious
"her face right befoe this needs to join the meme economy. the ""i'll regret this for years to come"" face.",tired
i’m so sorry. you deserve so much better.,tired
you’re looking at hard time mate,lonely
i played in the wshl last year and this really isn’t a surprise. it’s crazy how unbalanced the competition is in that league,angry
because you are in danger of appropriating methhead culture.,anxious
"> your character is so yuck thank you, for confirming my suspicions of who/what you are.",stressed
that’s what they get for being greedy 🙃,overwhelmed
i'm sorry. does scholomance exist in the world of ice and fire?,tired
"not cause i'm not that bothered about where i come from, it's were i am going that matters to me",overwhelmed
what's worse is getting in a car that isn't yours,stressed
read his post again. 'it's more fact based than fox.' i'm sorry but you might have some extra chromosomes.,tired
i've seen shot caller. that's what i've decided prison is... so yeah. sorry boys.,tired
congrats on the mild success of your stolen story,happy
sorry it was late at night. i fixed it.,tired
sorry i have to ask your age before i yell you.,tired
what is this logic of which you speak?,confused
i always say thank [name] we can’t comprehend it!!,anxious
came here looking for the knowitall that explains the difference. disapointed in reddit today.,sad
what if the meal didn’t consent to being cannibalised?,overwhelmed
"hey [name], welcome to reddit! how's your first day? there's no chance you had a previous username, is there?",confused
and i’ll admit i am insane for allowing it to happen but the passion i have for this guy makes it hard to cut off all contact.,lonely
i’m sorry for your loss bro ❤️,sad
he still has less health than [name] despite being slower and bigger and literally revolving around trading.,sad
because deep down you know that you really don’t know what you’re talking about. be grateful someone told you.,happy
the shading makes her face look like she has lumps under her skin.,stressed
a 12 million sub channel has value. wouldn't be surprised if it's been hollowed out ready to be sold and rebranded.,happy
very sorry for your loss.,lonely
"losing my identity, wondering have i gone insane...",sad
one day i just want to show up to my parents’ with a starbucks cup or maybe some taco bell on a sunday.,overwhelmed
played in a dangerous cross which [name] should have scored from. just before [name] goal,neutral
"sorry, i should have clarified that i meant when they determine your eligibility/payments in regards to the repayment assistance program.",tired
i just had a panic attack!,sad
lol instead of getting blocked he deleted his account and called us all soulless and depraved.,sad
[name] didn't even know cass's e heals her until [name] told him :(,neutral
tried that for a year and still scrawny and look young 😂,sad
oh... i'm sorry. you holding up okay?,tired
great tips thank you!,happy
horrible night for dodo,anxious
"thank you, you are blessed",happy
any time. i’m sorry you’re going through this. just don’t drink your emotions like i did.,sad
confirmation sounds really scary and sketchy. i can not not think about cults and rituals everytime...,anxious
i'm sorry but are you implying that everything to the right of full-blown communism is the center?,tired
"i'm glad the bears lost, but damn i feel so bad for [name]. the entire chicago fan base will want him dead",lonely
give the mouse a chance!.leave the cat to it.,neutral
i got bit by a pomeranian while doing a dash...,sad
comment [name].,neutral
this is going to end badly for him,lonely
sounds like you are a man who is uncomfortable with women's sexuality.,neutral
"safeco had these chocolate covered ""fruit kabobs"" that were damn good.",happy
"given my grandpaernts survived the holocaust and told us everything, we have a horrible yet interesting family humour.",stressed
my first thought was superstar!,happy
that's so horrible. i am so sorry that you had to endure that abuse. i hope that you have a bed that you love now.,lonely
we did uk rejected it or only cut so much,tired
"here, you are among friends. i wish we all could meet you in real life and surround you with smiles and hugs. are you in utah?",overwhelmed
[name] is scared out there. didnt want the ball,anxious
"no, but you wouldn't believe what i'm not tired of seeing...",tired
quarantine! quarantine!,neutral
he has a prog rock album.. its horrific,anxious
it is odd you are singling me out rather than those who identify with those terms and use them endlessly and with insults.,neutral
thank you. i hope we can both/all stay true to ourselves and not to become cynical about others due to our experiences.,overwhelmed
oh i’m sorry. i assumed. i think that would be suspicious if your username was known to someone else.,tired
you badly need to do more research than just a few good operations. there are a lot of terrible ones.,tired
my worst fear when i finally get over someone those damn what ifs,anxious
listen to yourself. what other things do u want to shove down the throats of others in the name of tolerance and humanity? [name].,angry
"does that person only eats rocks? because if you put bacteria and human beings on an equal footing, everyone is a fucking cannibal.",tired
the only death that made me feel any emotion. and it wasn’t even the death itself.,lonely
it’s gonna be a large group interview in a shady office. ghost em.,anxious
"if it weren't for my horse, i wouldn't have spent that year in college.",stressed
are you my coworker? i swear my boss will randomly scream and its embarrassing.,stressed
"[name] after he declares he loves playing fortnite, wants to play with his brother no matter what and loves vancouver.",overwhelmed
"don’t regret the time, had it been sooner you might be absent a kid or three!",tired
oh. thanks. i was too lazy to read the [name] and just presented my opinion. my bad,confused
"lost my only grandfather two years ago to alzheimer's, this is great news knowingly this disease sucks",lonely
they would call him a snowflake libcuck,confused
they were nice in the pms just wanted me to be aware that my tone was kind of callus about mental illness,overwhelmed
my mistake lol,tired
"i'm n-word, and i miss my dad",tired
"this post made me howl in laughter in the handicapped bathroom, thank you /u/coffeewhore17",angry
i wonder if the paintings he did on brooklyn 99 were actually his.,overwhelmed
that movie really scared me when i was a kid.,anxious
we're here but we need to be up here!!!!,confused
death by snu snu,anxious
check the quad reddit. what you want to know is there - too long a tale with too many details to attempt to explain here.,neutral
i used to do the same exact thing! now i love the fat on my steak and watching them cut it off in japanese restaurants makes me sad.,sad
